12929,542865,DELUXE SEWING KIT,2
12929,542865,WOODEN CROQUET GARDEN SET,2
12929,542865,JAM JAR WITH GREEN LID,2
12929,542865,ORGANISER WOOD ANTIQUE WHITE,2
12929,542865,JAM JAR WITH PINK LID,2
12929,542865,3 TIER CAKE TIN RED AND CREAM,2
12929,542865,ENAMEL FLOWER JUG CREAM,2
12929,542865,NATURAL SLATE CHALKBOARD LARGE,2
12952,567905,VINTAGE CREAM 3 BASKET CAKE STAND,0
12952,580389,SET OF 6 SPICE TINS PANTRY DESIGN,0
12952,567905,SET OF 10 LED DOLLY LIGHTS,0
12952,573135,PLEASE ONE PERSON METAL SIGN,0
12952,580389,HAND WARMER BIRD DESIGN,0
12952,567905,BAKING MOULD HEART MILK CHOCOLATE,0
12952,573135,BIRD HOUSE HOT WATER BOTTLE,0
12952,567905,PLAYING CARDS KEEP CALM & CARRY ON,0
12952,567905,HAND WARMER BIRD DESIGN,0
12952,580389,HOT BATHS METAL SIGN,0
12952,573135,YOU'RE CONFUSING ME METAL SIGN,0
12952,567905,SET OF 6 SNACK LOAF BAKING CASES,0
12952,567905,PANTRY ROLLING PIN,0
12952,580389,MINT KITCHEN SCALES,0
12952,567905,BREAD BIN DINER STYLE IVORY,0
12952,573135,EGG FRYING PAN IVORY,0
12952,573134,WALL ART BIG LOVE,0
12952,580389,HAND WARMER OWL DESIGN,0
12952,567905,15CM CHRISTMAS GLASS BALL 20 LIGHTS,0
12952,567905,SET OF 36 PAISLEY FLOWER DOILIES,0
12952,580389,WALL ART STOP FOR TEA,0
12952,567905,JUMBO STORAGE BAG SUKI,0
12952,567905,HANGING MINI COLOURED BOTTLES,0
12952,567905,ROSES REGENCY TEACUP AND SAUCER,0
12952,567905,PANTRY CHOPPING BOARD,0
12952,573135,PANTRY MAGNETIC  SHOPPING LIST,0
12952,567905,SET OF 3 CAKE TINS PANTRY DESIGN,0
12952,573135,REGENCY TEAPOT ROSES,0
12952,567905,LUNCH BAG SPACEBOY DESIGN,0
12952,567905,EGG FRYING PAN PINK,0
12952,567905,SET/6 PINK  BUTTERFLY T-LIGHTS,0
12952,580389,CHRISTMAS STAR WISH LIST CHALKBOARD,0
12952,567905,BREAD BIN DINER STYLE RED,0
12952,580389,GLASS APOTHECARY BOTTLE TONIC,0
12952,573135,ENAMEL WATERING CAN CREAM,0
12952,567905,BUTTON BOX,0
12952,580389,HOME SWEET HOME KEY HOLDER,0
12952,580389,SET OF 3 HEART COOKIE CUTTERS,0
12952,580389,SET OF 12 FAIRY CAKE BAKING CASES,0
12952,567905,SET OF TEA COFFEE SUGAR TINS PANTRY,0
12952,567905,BATHROOM HOOK,0
12952,567905,CHOCOLATE BOX RIBBONS,0
12952,580389,EGG FRYING PAN PINK,0
12952,567905,GINGERBREAD MAN COOKIE CUTTER,0
12952,567905,TRIPLE HOOK ANTIQUE IVORY ROSE,0
12952,567905,HANGING CLEAR MINI BOTTLE,0
12952,573135,SET OF 6 SPICE TINS PANTRY DESIGN,0
12952,567905,MINT KITCHEN SCALES,0
12952,573135,REGENCY CAKESTAND 3 TIER,0
12952,567905,PACK OF 12 PAISLEY PARK TISSUES,0
12952,580389,SET OF 6 SNACK LOAF BAKING CASES,0
12952,567905,JAM JAR WITH PINK LID,0
12952,580389,EGG FRYING PAN IVORY,0
12952,567905,DOORMAT UNION FLAG,0
12952,567905,SET OF 12 FAIRY CAKE BAKING CASES,0
12952,573135,SET OF TEA COFFEE SUGAR TINS PANTRY,0
12952,567905,SET OF 6 SPICE TINS PANTRY DESIGN,0
12952,573134,KEEP CALM WALL ART,0
12952,567905,PLEASE ONE PERSON METAL SIGN,0
12952,567905,HAND WARMER UNION JACK,0
12952,573134,JUMBO BAG PAISLEY PARK,0
12952,580389,SET OF 12 MINI LOAF BAKING CASES,0
12952,567905,SINGLE ANTIQUE ROSE HOOK IVORY,0
12952,580389,LETTER HOLDER HOME SWEET HOME,0
12952,567905,GLASS APOTHECARY BOTTLE PERFUME,0
12952,580389,BREAD BIN DINER STYLE IVORY,0
12952,573135,SET OF 3 CAKE TINS PANTRY DESIGN,0
12952,567905,RED RETROSPOT MINI CASES,0
12952,573135,EGG FRYING PAN PINK,0
12952,567905,PACK OF 60 PINK PAISLEY CAKE CASES,0
12952,573134,LUNCH BAG PAISLEY PARK,0
12952,573135,REGENCY MILK JUG PINK,0
12952,567905,JUMBO BAG VINTAGE DOILY,0
12952,567905,YOU'RE CONFUSING ME METAL SIGN,0
12952,573135,ASSORTED COLOUR BIRD ORNAMENT,0
12952,573135,PARISIENNE KEY CABINET,0
12952,580389,IVORY KITCHEN SCALES,0
12952,567905,IVORY KITCHEN SCALES,0
12952,573135,CHOCOLATE HOT WATER BOTTLE,0
13075,562042,JUMBO BAG 50'S CHRISTMAS,0
13075,562042,SET OF 36 PAISLEY FLOWER DOILIES,0
13075,562042,SET OF 6 TEA TIME BAKING CASES,0
13075,562042,JAM MAKING SET WITH JARS,0
13075,562042,SET OF 4 PANTRY JELLY MOULDS,0
13075,562042,HEART T-LIGHT HOLDER WILLIE WINKIE,0
13075,562042,JUMBO BAG VINTAGE LEAF,0
13075,562042,JUMBO BAG DOILEY PATTERNS,0
13075,562042,GIANT 50'S CHRISTMAS CRACKER,0
13075,562042,GARDENERS KNEELING PAD CUP OF TEA,0
13075,562042,PAPER CHAIN KIT 50'S CHRISTMAS,0
13075,562042,JAM MAKING SET PRINTED,0
13075,562042,LARGE CERAMIC TOP STORAGE JAR,0
13075,562042,SET 40 HEART SHAPE PETIT FOUR CASES,0
13075,562042,CLASSIC CAFE SUGAR DISPENSER,0
13075,562042,SET OF 3 CAKE TINS PANTRY DESIGN,0
13075,562042,BOX OF 6 MINI 50'S CRACKERS,0
13075,562042,MEDIUM CERAMIC TOP STORAGE JAR,0
13075,562042,3 HEARTS HANGING DECORATION RUSTIC,0
13075,562042,GARDENERS KNEELING PAD KEEP CALM,0
13075,562042,SET OF 36 TEATIME PAPER DOILIES,0
13075,562042,SET OF 36 DOILIES PANTRY DESIGN,0
13091,575908,ICE CREAM BUBBLES,0
13091,575908,SLEEPING CAT ERASERS,0
13091,575908,GROOVY CACTUS INFLATABLE,0
13091,575908,MAGNETS PACK OF 4 SWALLOWS,0
13091,575908,LOCAL CAFE MUG,0
13091,575908,FAIRY CAKE FLANNEL ASSORTED COLOUR,0
13091,575908,WORLD WAR 2 GLIDERS ASSTD DESIGNS,0
13091,575908,PINK DOUGHNUT TRINKET POT,0
13091,575908,VINTAGE BILLBOARD LOVE/HATE MUG,0
13091,575908,MAGIC TREE -PAPER FLOWERS,0
13091,575908,SKULLS TAPE,0
13091,575908,"KEY FOB , BACK DOOR",0
13091,575908,PARTY TIME PENCIL ERASERS,0
13091,575908,PLASTERS IN TIN SKULLS,0
13091,575908,ICE CREAM SUNDAE LIP GLOSS,0
13091,575908,OFFICE MUG WARMER CHOC+BLUE,0
13091,575908,TRADITIONAL NAUGHTS & CROSSES,0
13091,575908,MAGIC SHEEP WOOL GROWING FROM PAPER,0
13091,575908,KITTY PENCIL ERASERS,0
13091,575908,SAVE THE PLANET MUG,0
13091,575908,CHRISTMAS PUDDING TRINKET POT,0
13185,546828,PICNIC BASKET WICKER SMALL,2
13391,553952,SILVER CHRISTMAS TREE BAUBLE STAND,2
13802,561027,RED RETROSPOT SUGAR JAM BOWL,1
13802,542864,BOTTLE BAG RETROSPOT,1
13802,548257,SET/20 RED RETROSPOT PAPER NAPKINS,1
13802,548257,SWEETHEART CAKESTAND 3 TIER,1
13802,542864,SMALL MARSHMALLOWS PINK BOWL,1
13802,542864,CAKE PLATE LOVEBIRD WHITE,1
13802,542864,VICTORIAN GLASS HANGING T-LIGHT,1
13802,548257,UNION JACK FLAG PASSPORT COVER,1
13802,548257,NO SINGING METAL SIGN,1
13802,548257,MINI CAKE STAND  HANGING STRAWBERY,1
13802,542864,DANISH ROSE DECORATIVE PLATE,1
13802,542864,SET OF 4 ENGLISH ROSE PLACEMATS,1
13802,548257,SET OF 4 ENGLISH ROSE COASTERS,1
13802,561027,JUMBO BAG PINK VINTAGE PAISLEY,1
13802,548257,SET OF 72 PINK HEART PAPER DOILIES,1
13802,542864,JUMBO BAG RED RETROSPOT,1
13802,542864,SMALL LICORICE DES PINK BOWL,1
13802,548257,SET OF 3 BLACK FLYING DUCKS,1
13802,548257,CUBIC MUG PINK POLKADOT,1
13802,542864,DOORMAT NEW ENGLAND,1
13802,561027,LUNCH BAG RED RETROSPOT,1
13802,561027,TEA TIME OVEN GLOVE,1
13802,542864,DOORMAT ENGLISH ROSE,1
13802,561027,RETROSPOT TEA SET CERAMIC 11 PC,1
13802,561027,RED RETROSPOT ROUND CAKE TINS,1
13802,561027,RED/CREAM STRIPE CUSHION COVER,1
13802,561027,LUNCH BAG DOILEY PATTERN,1
13802,542864,DANISH ROSE ROUND SEWING BOX,1
13802,548257,LUNCH BAG RED RETROSPOT,1
13802,548257,LUNCH BAG WOODLAND,1
13802,548257,HOT BATHS METAL SIGN,1
13802,561027,RED RETROSPOT SMALL MILK JUG,1
13802,548257,CERAMIC CAKE STAND + HANGING CAKES,1
13802,548257,"BLACK TEA,COFFEE,SUGAR JARS",1
13802,548257,PAPER BUNTING WHITE LACE,1
13802,542864,PARTY PIZZA DISH RED RETROSPOT,1
13802,542864,PINK DOG BOWL,1
13802,548257,LANTERN CREAM GAZEBO,1
13802,548257,DOORMAT ENGLISH ROSE,1
13802,542864,BLACK AND WHITE DOG BOWL,1
13802,542864,DOORMAT UNION JACK GUNS AND ROSES,1
13802,542864,RED RETROSPOT OVEN GLOVE,1
13802,548257,PAPER BUNTING RETROSPOT,1
13802,542864,DANISH ROSE DELUXE COASTER,1
13802,548257,UNION JACK FLAG LUGGAGE TAG,1
13802,542864,LUNCH BAG RED RETROSPOT,1
13802,561027,VICTORIAN GLASS HANGING T-LIGHT,1
13802,548257,TEA BAG PLATE RED RETROSPOT,1
13802,542864,CAKE PLATE LOVEBIRD PINK,1
13802,548257,REGENCY CAKESTAND 3 TIER,1
13802,548257,JUMBO BAG RED RETROSPOT,1
13802,548257,PINK UNION JACK  PASSPORT COVER,1
13802,548257,STRAWBERRY CERAMIC TRINKET BOX,1
13802,542864,BLACK TEA TOWEL CLASSIC DESIGN,1
13802,561027,JUMBO SHOPPER VINTAGE RED PAISLEY,1
13802,548257,CERAMIC CAKE BOWL + HANGING CAKES,1
13802,548257,CREAM SWEETHEART EGG HOLDER,1
13802,548257,PHOTO FRAME 3 CLASSIC HANGING,1
13802,548257,PINK UNION JACK  LUGGAGE TAG,1
13802,561027,SET/2 RED RETROSPOT TEA TOWELS,1
14297,546156,LUNCH BAG SPACEBOY DESIGN,0
14297,570272,3D VINTAGE CHRISTMAS STICKERS,0
14297,577813,CHRISTMAS GINGHAM TREE,0
14297,577813,RED WOOLLY HOTTIE WHITE HEART.,0
14297,570272,6 GIFT TAGS 50'S CHRISTMAS,0
14297,577813,FOLKART STAR CHRISTMAS DECORATIONS,0
14297,570272,ASSORTED COLOUR BIRD ORNAMENT,0
14297,577813,ASSORTED COLOUR BIRD ORNAMENT,0
14297,570272,YOU'RE CONFUSING ME METAL SIGN,0
14297,546156,CHILDREN'S APRON DOLLY GIRL,0
14297,570272,GIN + TONIC DIET METAL SIGN,0
14297,570272,SET OF 2 CERAMIC PAINTED HEARTS,0
14297,546156,SPACEBOY LUNCH BOX,0
14297,570272,CHRISTMAS STAR WISH LIST CHALKBOARD,0
14297,570272,VINTAGE DOILY TRAVEL SEWING KIT,0
14297,570272,SET OF 3 WOODEN HEART DECORATIONS,0
14297,571906,CHOCOLATE HOT WATER BOTTLE,0
14297,577813,IVORY WICKER HEART MEDIUM,0
14297,577813,PAINTED METAL PEARS ASSORTED,0
14297,577813,COFFEE MUG CAT + BIRD DESIGN,0
14297,546156,ALARM CLOCK BAKELIKE CHOCOLATE,0
14297,577813,WOODEN TREE CHRISTMAS SCANDINAVIAN,0
14297,577813,WOODEN STAR CHRISTMAS SCANDINAVIAN,0
14297,570272,RED WOOLLY HOTTIE WHITE HEART.,0
14297,577813,LOVE HOT WATER BOTTLE,0
14297,570272,COFFEE MUG DOG + BALL DESIGN,0
14297,570272,IVORY WICKER HEART MEDIUM,0
14297,570272,DECORATIVE WICKER HEART SMALL,0
14297,546156,LUNCH BAG DOLLY GIRL DESIGN,0
14297,577813,IVORY WICKER HEART LARGE,0
14297,570272,RETROSPOT HEART HOT WATER BOTTLE,0
14297,577813,RETROSPOT HEART HOT WATER BOTTLE,0
14297,577813,SET OF 3 WOODEN HEART DECORATIONS,0
14297,546156,ALARM CLOCK BAKELIKE RED,0
14297,577813,DECORATIVE WICKER HEART LARGE,0
14297,570272,DECORATIVE WICKER HEART LARGE,0
14297,577813,HEART IVORY TRELLIS LARGE,0
14297,570272,SET OF 3 WOODEN TREE DECORATIONS,0
14297,570272,LOVE HOT WATER BOTTLE,0
14297,577813,WALL ART CAT AND BIRD,0
14297,577813,SET OF 3 WOODEN TREE DECORATIONS,0
14297,577813,SET OF 2 CERAMIC PAINTED HEARTS,0
14297,546156,DOLLY GIRL LUNCH BOX,0
14297,570272,I'M ON HOLIDAY METAL SIGN,0
14297,546156,ALARM CLOCK BAKELIKE GREEN,0
14297,570272,SET OF 3 WOODEN STOCKING DECORATION,0
14297,577813,WALL ART DOG AND BALL,0
14297,570272,COFFEE MUG CAT + BIRD DESIGN,0
14297,570272,PAINTED METAL PEARS ASSORTED,0
14297,546156,CHILDS BREAKFAST SET SPACEBOY,0
14297,570272,ZINC WILLIE WINKIE  CANDLE STICK,0
14297,546156,CHILDRENS APRON SPACEBOY DESIGN,0
14297,577813,VINTAGE DOILY TRAVEL SEWING KIT,0
14297,577813,WOODEN HEART CHRISTMAS SCANDINAVIAN,0
14297,546156,CHILDS BREAKFAST SET DOLLY GIRL,0
14297,577813,SET OF 3 WOODEN STOCKING DECORATION,0
14297,577813,COFFEE MUG DOG + BALL DESIGN,0
14297,577813,DOORSTOP RETROSPOT HEART,0
14297,570272,PACK OF 6 BIRDY GIFT TAGS,0
14297,577813,GINGHAM HEART DECORATION,0
14297,570272,IVORY HANGING DECORATION  HEART,0
14297,577813,SET OF 2 CERAMIC CHRISTMAS TREES,0
14804,579990,CLASSIC METAL BIRDCAGE PLANT HOLDER,0
14804,579990,PARISIENNE JEWELLERY DRAWER,0
14804,579990,METAL 4 HOOK HANGER FRENCH CHATEAU,0
14804,579990,SINGLE HEART ZINC T-LIGHT HOLDER,0
14804,579990,ZINC  STAR T-LIGHT HOLDER,0
14804,579990,ZINC WILLIE WINKIE  CANDLE STICK,0
14804,579990,CANDLE HOLDER SILVER MADELINE,0
14804,579990,HANGING HEART ZINC T-LIGHT HOLDER,0
14804,579990,WOODEN FRAME ANTIQUE WHITE,0
14804,579990,3 HOOK PHOTO SHELF ANTIQUE WHITE,0
14804,579990,WOOD BLACK BOARD ANT WHITE FINISH,0
14804,579990,FRENCH ENAMEL CANDLEHOLDER,0
16372,574683,VINTAGE SNAP CARDS,0
16372,574683,PLASTERS IN TIN SKULLS,0
16372,574683,TOAST ITS - FAIRY FLOWER,0
16372,574683,SCOTTIE DOG HOT WATER BOTTLE,0
16372,574683,HOME SWEET HOME MUG,0
16372,574683,PICTURE DOMINOES,0
16372,574683,12 PENCILS SMALL TUBE RED RETROSPOT,0
16372,574683,ENAMEL BREAD BIN CREAM,0
16372,574683,SWALLOW WOODEN CHRISTMAS DECORATION,0
16372,574683,VINTAGE DOILY TRAVEL SEWING KIT,0
16372,574683,SET OF 4 NAPKIN CHARMS CUTLERY,0
16372,574683,CHRISTMAS CRAFT LITTLE FRIENDS,0
16372,574683,12 PENCIL SMALL TUBE WOODLAND,0
16372,574683,CHRISTMAS CRAFT TREE TOP ANGEL,0
16372,574683,TRADITIONAL MODELLING CLAY,0
16372,574683,PLAYING CARDS JUBILEE UNION JACK,0
16372,574683,WOOD STAMP SET HAPPY BIRTHDAY,0
16372,574683,3 STRIPEY MICE FELTCRAFT,0
16372,574683,PAPER CHAIN KIT LONDON,0
16372,574683,HEART CALCULATOR,0
16372,574683,WOODEN OWLS LIGHT GARLAND,0
16372,574683,SET OF 3 HANGING OWLS OLLIE BEAK,0
16372,574683,PINK HORSE SOCK PUPPET KIT,0
16372,574683,BAKING MOULD HEART WHITE CHOCOLATE,0
16372,574689,RED GINGHAM ROSE JEWELLERY BOX,0
16372,574683,PLASTERS IN TIN WOODLAND ANIMALS,0
16372,574683,VINTAGE UNION JACK MEMOBOARD,0
16372,574683,VINTAGE PAISLEY STATIONERY SET,0
16372,574683,SET OF 3 NOTEBOOKS IN PARCEL,0
16372,574683,PLASTERS IN TIN SPACEBOY,0
16372,574683,12 PENCILS SMALL TUBE SKULL,0
16372,574683,VICTORIAN  METAL POSTCARD SPRING,0
16372,574683,TOOL BOX SOFT TOY,0
16372,574683,TRADITIONAL PICK UP STICKS GAME,0
16372,574683,T-LIGHT HOLDER HANGING LOVE BIRD,0
16372,574683,PAPER CHAIN KIT 50'S CHRISTMAS,0
16372,574683,VINTAGE DOILY DELUXE SEWING KIT,0
16372,574683,ROCKING HORSE GREEN CHRISTMAS,0
16372,574683,HEART OF WICKER LARGE,0
16372,574683,HAND WARMER OWL DESIGN,0
16372,574683,PINK BLUE FELT CRAFT TRINKET BOX,0
16372,574683,MAGIC DRAWING SLATE DOLLY GIRL,0
16372,574683,SAVE THE PLANET COTTON TOTE BAG,0
16372,574683,LETS GO SHOPPING COTTON TOTE BAG,0
16372,574683,GINGHAM HEART DECORATION,0
16372,574683,LOVE HOT WATER BOTTLE,0
16372,574683,VICTORIAN  METAL POSTCARD SPRING,0
16372,574683,CHRISTMAS CRAFT WHITE FAIRY,0
16372,574683,MOUSE TOY WITH PINK T-SHIRT,0
16372,574683,SET OF 20 VINTAGE CHRISTMAS NAPKINS,0
16372,574683,BAKING MOULD HEART MILK CHOCOLATE,0
16372,574683,SWALLOW WOODEN CHRISTMAS DECORATION,0
16372,574683,FELTCRAFT PRINCESS OLIVIA DOLL,0
16372,574683,VINTAGE PAISLEY STATIONERY SET,0
16372,574683,MAGIC DRAWING SLATE CIRCUS PARADE,0
16372,574683,PINK BLUE FELT CRAFT TRINKET BOX,0
16372,574683,CHOCOLATE HOT WATER BOTTLE,0
16372,574683,SMALL WHITE RETROSPOT MUG IN BOX,0
16372,574683,SET OF 4 NAPKIN CHARMS STARS,0
16372,574683,ZINC  STAR T-LIGHT HOLDER,0
16372,574683,POPPY'S PLAYHOUSE KITCHEN,0
16372,574683,REX CASH+CARRY JUMBO SHOPPER,0
16372,574683,RED  HARMONICA IN BOX,0
16372,574689,SET OF 2 TRAYS HOME SWEET HOME,0
16372,574683,MAGIC DRAWING SLATE GO TO THE FAIR,0
16372,574683,12 PENCIL SMALL TUBE WOODLAND,0
16372,574683,HEADS AND TAILS SPORTING FUN,0
16372,574683,WOOD STAMP SET THANK YOU,0
16372,574683,ASSORTED COLOUR MINI CASES,0
16372,574683,WOODLAND DESIGN  COTTON TOTE BAG,0
16372,574683,SKULLS WRITING SET,0
16372,574683,DOORMAT HOME SWEET HOME BLUE,0
16372,574683,DOORMAT WELCOME PUPPIES,0
16372,574683,SAVE THE PLANET MUG,0
16372,574683,IVORY SWEETHEART WIRE LETTER RACK,0
16372,574683,TRADITIONAL NAUGHTS & CROSSES,0
16372,574683,TOAST ITS - BEST MUM,0
16372,574683,ENGLISH ROSE NOTEBOOK A7 SIZE,0
16372,574683,SET OF 6 SOLDIER SKITTLES,0
16372,574683,BIRDS MOBILE VINTAGE DESIGN,0
16372,574683,POPPY'S PLAYHOUSE KITCHEN,0
16372,574683,SMALL RED RETROSPOT MUG IN BOX,0
16372,574683,DOORMAT NEW ENGLAND,0
16372,574683,FELTCRAFT CHRISTMAS FAIRY,0
16372,574683,FELTCRAFT BOY JEAN-PAUL KIT,0
16372,574683,HEART OF WICKER SMALL,0
16372,574683,HANGING  BUTTERFLY T-LIGHT HOLDER,0
16372,574683,RED GINGHAM TEDDY BEAR,0
16372,574683,SET 12 COLOUR PENCILS LOVE LONDON,0
16372,574683,LUNCH BAG ALPHABET DESIGN,0
16372,574683,WOOD STAMP SET FLOWERS,0
16372,574683,MISTLETOE HEART WREATH GREEN,0
16710,553385,BUNDLE OF 3 RETRO NOTE BOOKS,1
16710,577517,SET OF 10 LED DOLLY LIGHTS,1
16710,577548,TRAVEL CARD WALLET FLOWER MEADOW,1
16710,538862,DOLLY GIRL LUNCH BOX,1
16710,561066,TRAVEL CARD WALLET VINTAGE TICKET,1
16710,537382,HOT WATER BOTTLE BABUSHKA,1
16710,547069,SET 2 PANTRY DESIGN TEA TOWELS,1
16710,547069,SET 2 TEA TOWELS I LOVE LONDON,1
16710,547069,SET 12 KIDS  WHITE CHALK STICKS,1
16710,568369,PINK REGENCY TEACUP AND SAUCER,1
16710,547069,DINOSAUR PARTY BAG + STICKER SET,1
16710,537382,SNOWFLAKE PORTABLE TABLE LIGHT,1
16710,552669,PICNIC BASKET WICKER LARGE,1
16710,561066,TRAVEL SEWING KIT,1
16710,568369,CHILDRENS TOY COOKING UTENSIL SET,1
16710,568369,DOLLY GIRL LUNCH BOX,1
16710,537382,FAWN BLUE HOT WATER BOTTLE,1
16710,553385,WRAP VINTAGE PETALS  DESIGN,1
16710,537382,GLITTER CHRISTMAS STAR,1
16710,547069,SET/6 RED SPOTTY PAPER PLATES,1
16710,537382,PENCIL CASE LIFE IS BEAUTIFUL,1
16710,553385,SET OF 4 NAPKIN CHARMS CUTLERY,1
16710,537382,ASSORTED TUTTI FRUTTI HEART BOX,1
16710,561066,WRAP DOILEY DESIGN,1
16710,577517,FRYING PAN BLUE POLKADOT,1
16710,537382,12 MESSAGE CARDS WITH ENVELOPES,1
16710,547069,WRAP VINTAGE PETALS  DESIGN,1
16710,552669,LARGE DECO JEWELLERY STAND,1
16710,552669,SET OF 5 PANCAKE DAY MAGNETS,1
16710,577517,LOVE HOT WATER BOTTLE,1
16710,538862,LARGE HEART MEASURING SPOONS,1
16710,545945,ALARM CLOCK BAKELIKE GREEN,1
16710,547069,60 TEATIME FAIRY CAKE CASES,1
16710,547069,JAM MAKING SET PRINTED,1
16710,552669,MARIE ANTOINETTE TRINKET BOX SILVER,1
16710,561066,TRAVEL CARD WALLET SUKI,1
16710,561066,WRAP SUKI AND FRIENDS,1
16710,561066,SET/6 RED SPOTTY PAPER CUPS,1
16710,537382,HAND WARMER BIRD DESIGN,1
16710,552669,SINGLE ANTIQUE ROSE HOOK IVORY,1
16710,568369,SET OF 72 SKULL PAPER  DOILIES,1
16710,537382,SET OF 6 T-LIGHTS SNOWMEN,1
16710,553385,GREEN REGENCY TEACUP AND SAUCER,1
16710,553385,SPACEBOY LUNCH BOX,1
16710,561066,POPPY'S PLAYHOUSE BATHROOM,1
16710,552669,KNICKERBOCKERGLORY MAGNET ASSORTED,1
16710,545945,ROSES REGENCY TEACUP AND SAUCER,1
16710,538862,ENGLISH ROSE HOT WATER BOTTLE,1
16710,547069,SET/20 RED RETROSPOT PAPER NAPKINS,1
16710,547069,RETROSPOT PARTY BAG + STICKER SET,1
16710,553385,WRAP GREEN PEARS,1
16710,577517,CHOCOLATE HOT WATER BOTTLE,1
16710,577517,SMALL IVORY HEART WALL ORGANISER,1
16710,537382,PINK NEW BAROQUECANDLESTICK CANDLE,1
16710,538862,REGENCY CAKESTAND 3 TIER,1
16710,552669,REGENCY TEA PLATE GREEN,1
16710,568369,PACK OF 6 SKULL PAPER PLATES,1
16710,577517,ALARM CLOCK BAKELIKE IVORY,1
16710,577517,SET OF 5 MINI GROCERY MAGNETS,1
16710,537382,HEART DECORATION PAINTED ZINC,1
16710,553385,STARS GIFT TAPE,1
16710,568369,SET OF 4 KNICK KNACK TINS LEAF,1
16710,568369,SET OF 5 MINI GROCERY MAGNETS,1
16710,568369,HOT WATER BOTTLE KEEP CALM,1
16710,547069,PACK OF 72 RETROSPOT CAKE CASES,1
16710,547069,GREY HEART HOT WATER BOTTLE,1
16710,553385,3 TRADITIONAl BISCUIT CUTTERS  SET,1
16710,577517,HOT WATER BOTTLE KEEP CALM,1
16710,568369,BOX OF 24 COCKTAIL PARASOLS,1
16710,537382,ALARM CLOCK BAKELIKE PINK,1
16710,553385,LUNCH BAG VINTAGE LEAF DESIGN,1
16710,537382,RIBBON REEL CHRISTMAS SOCK BAUBLE,1
16710,547069,PACK OF 20 NAPKINS PANTRY DESIGN,1
16710,537382,PAPER CHAIN KIT 50'S CHRISTMAS,1
16710,547069,SET 3 SONG BIRD PAPER EGGS ASSORTED,1
16710,553385,MAKE YOUR OWN FLOWERPOWER CARD KIT,1
16710,561066,TRAVEL CARD WALLET TRANSPORT,1
16710,538862,ALARM CLOCK BAKELIKE PINK,1
16710,547069,PACK OF 12 SUKI TISSUES,1
16710,547069,SET 3 PAPER VINTAGE CHICK PAPER EGG,1
16710,577517,HENRIETTA HEN MUG,1
16710,547069,DOLLY GIRL LUNCH BOX,1
16710,547069,TRAVEL CARD WALLET PANTRY,1
16710,577517,GLITTER CHRISTMAS TREE WITH BELLS,1
16710,552669,MIRROR MOSAIC CANDLE PLATE,1
16710,552669,JUNGLE POPSICLES ICE LOLLY MOULDS,1
16710,537382,HAND WARMER RED RETROSPOT,1
16710,537382,HEART FILIGREE DOVE LARGE,1
16710,547069,200 RED + WHITE BENDY STRAWS,1
16710,547069,PACK OF 6 SWEETIE GIFT BOXES,1
16710,537382,RIBBON REEL MAKING SNOWMEN,1
16710,552669,ALARM CLOCK BAKELIKE RED,1
16710,553385,FOLDING BUTTERFLY MIRROR RED,1
16710,553385,PACK OF 12 SUKI TISSUES,1
16710,553385,TRAVEL CARD WALLET RETRO PETALS,1
16710,577517,HOT WATER BOTTLE TEA AND SYMPATHY,1
16710,577548,TRAVEL CARD WALLET KEEP CALM,1
16710,553385,KENSINGTON COFFEE SET,1
16710,561066,WRAP RED APPLES,1
16710,545945,6 RIBBONS RUSTIC CHARM,1
16710,552669,SET OF 5 LUCKY CAT MAGNETS,1
16710,577517,SET OF 5 PANCAKE DAY MAGNETS,1
16710,577517,EGG CUP MILKMAID INGRID,1
16710,553385,WRAP SUKI AND FRIENDS,1
16710,568369,SET OF 5 LUCKY CAT MAGNETS,1
16710,577517,HOT WATER BOTTLE KEEP CALM,1
16710,577517,ALARM CLOCK BAKELIKE PINK,1
16710,577517,ALARM CLOCK BAKELIKE CHOCOLATE,1
16710,561066,PACK OF 20 NAPKINS RED APPLES,1
16710,553385,DINOSAUR LUNCH BOX WITH CUTLERY,1
16710,537382,SMALL PURPLE BABUSHKA NOTEBOOK,1
16710,545945,RETROSPOT CIGAR BOX MATCHES,1
16710,553385,PINK REGENCY TEACUP AND SAUCER,1
16710,561066,TRAVEL CARD WALLET SKULLS,1
16710,545945,TRAVEL CARD WALLET RETRO PETALS,1
16710,547069,CHICK GREY HOT WATER BOTTLE,1
16710,552669,REGENCY SUGAR BOWL GREEN,1
16710,547069,PLASTERS IN TIN SKULLS,1
16710,547069,WHITE SAGE INCENSE,1
16710,553385,SET OF 4 JAM JAR MAGNETS,1
16710,577517,FOLDING UMBRELLA BLACKBLUE POLKADOT,1
16710,537382,SMALL RED BABUSHKA NOTEBOOK,1
16710,545945,CLASSICAL ROSE CANDLESTAND,1
16710,568369,SET OF 60 VINTAGE LEAF CAKE CASES,1
16710,577517,LOVE HOT WATER BOTTLE,1
16710,577517,CHERUB HEART DECORATION GOLD,1
16710,537382,ORANGE SCENTED SET/9 T-LIGHTS,1
16710,553385,ROSES REGENCY TEACUP AND SAUCER,1
16710,577517,EGG CUP MILKMAID HEIDI,1
16710,537382,SMALL YELLOW BABUSHKA NOTEBOOK,1
16710,545945,PANTRY WASHING UP BRUSH,1
16710,561066,SET 2 TEA TOWELS I LOVE LONDON,1
16710,545945,EASTER TIN CHICKS PINK DAISY,1
16710,547069,SET/6 RED SPOTTY PAPER CUPS,1
16710,553385,CALENDAR PAPER CUT DESIGN,1
16710,568369,PACK OF 20 SKULL PAPER NAPKINS,1
16710,568369,HAND WARMER RED LOVE HEART,1
16710,561066,DINOSAUR LUNCH BOX WITH CUTLERY,1
16710,553385,WRAP DOILEY DESIGN,1
16710,577548,WRAP KEEP CALM BIRTHDAY,1
16710,547069,LUNCH BAG SPACEBOY DESIGN,1
16710,577548,TRAVEL CARD WALLET VINTAGE TICKET,1
16710,561066,SET OF 5 MINI GROCERY MAGNETS,1
16710,577517,HEART WREATH DECORATION WITH BELL,1
16710,577517,PAPER CHAIN KIT VINTAGE CHRISTMAS,1
16710,561066,SET OF 4 JAM JAR MAGNETS,1
16710,547069,PLASTERS IN TIN SPACEBOY,1
16710,568369,HAND WARMER SCOTTY DOG DESIGN,1
16710,537382,BISCUIT TIN VINTAGE RED,1
16710,537382,ROCKING HORSE GREEN CHRISTMAS,1
16710,547069,LUNCH BAG  BLACK SKULL.,1
16710,553385,WRAP RED APPLES,1
16710,561066,DELUXE SEWING KIT,1
16710,577517,SET OF 5 LUCKY CAT MAGNETS,1
16710,553385,SET 7 BABUSHKA NESTING BOXES,1
16710,553385,TRAVEL CARD WALLET PANTRY,1
16710,577548,TRAVEL CARD WALLET PANTRY,1
16710,537382,ALARM CLOCK BAKELIKE GREEN,1
16710,568369,LUNCH BOX WITH CUTLERY RETROSPOT,1
16710,552669,TRAVEL CARD WALLET RETRO PETALS,1
16710,547069,DOLLY HONEYCOMB GARLAND,1
16710,577548,TRAVEL CARD WALLET VINTAGE LEAF,1
16710,537382,SPOTS ON RED BOOKCOVER TAPE,1
16710,553385,PACK OF 12 COLOURED PENCILS,1
16710,577517,HAND WARMER BIRD DESIGN,1
16710,547069,GROW YOUR OWN HERBS SET OF 3,1
16710,568369,SET 7 BABUSHKA NESTING BOXES,1
16710,552669,SET OF 4 JAM JAR MAGNETS,1
16710,552669,SANDALWOOD FAN,1
16710,547069,TRAVEL CARD WALLET SKULLS,1
16710,553385,FOLDING BUTTERFLY MIRROR HOT PINK,1
16710,545945,PANTRY SCRUBBING BRUSH,1
16710,552669,TRAVEL CARD WALLET TRANSPORT,1
16710,545945,ALARM CLOCK BAKELIKE RED,1
16710,553385,FOOD COVER WITH BEADS SET 2,1
16710,561066,TRAVEL CARD WALLET VINTAGE LEAF,1
16710,568369,SET/3 RED GINGHAM ROSE STORAGE BOX,1
16710,568369,SKULL LUNCH BOX WITH CUTLERY,1
16710,545945,SET OF 6 SPICE TINS PANTRY DESIGN,1
16710,552669,ILLUSTRATED CAT BOWL,1
16710,553385,STRAWBERRY LUNCH BOX WITH CUTLERY,1
16710,552669,PARISIENNE JEWELLERY DRAWER,1
16710,553385,TRAVEL CARD WALLET VINTAGE ROSE,1
16710,568369,SPACEBOY LUNCH BOX,1
16710,547069,JIGSAW TOADSTOOLS 3 PIECE,1
16710,561066,RETROSPOT PARTY BAG + STICKER SET,1
16710,547069,SPACEBOY LUNCH BOX,1
16710,552669,TRAVEL CARD WALLET PANTRY,1
16710,553385,REGENCY TEA SPOON,1
16710,553385,BALLOONS  WRITING SET,1
16710,537382,CHRISTMAS HANGING HEART WITH BELL,1
16710,547069,EASTER TIN BUNNY BOUQUET,1
16710,553385,FOLDING BUTTERFLY MIRROR IVORY,1
16710,561066,POPPY'S PLAYHOUSE KITCHEN,1
16710,561066,WRAP GREEN PEARS,1
16710,568369,ROSES REGENCY TEACUP AND SAUCER,1
16710,553385,REGENCY CAKE FORK,1
16710,553385,SET 2 TEA TOWELS I LOVE LONDON,1
16710,577517,KEY RING BASEBALL BOOT ASSORTED,1
16710,547069,TRAVEL CARD WALLET SUKI,1
16710,547069,SET/20 STRAWBERRY PAPER NAPKINS,1
16710,537382,RED WOOLLY HOTTIE WHITE HEART.,1
16710,553385,LUNCH BAG DOLLY GIRL DESIGN,1
16710,577517,LAUREL STAR ANTIQUE GOLD,1
16710,538862,FAWN BLUE HOT WATER BOTTLE,1
16710,547069,TRAVEL CARD WALLET SUKI,1
16710,553385,12 MESSAGE CARDS WITH ENVELOPES,1
16710,561066,WRAP VINTAGE LEAF DESIGN,1
16710,547069,SET 20 NAPKINS FAIRY CAKES DESIGN,1
16710,561066,PACK OF 12 SUKI TISSUES,1
16710,537382,12 PENCILS SMALL TUBE RED RETROSPOT,1
16710,545945,EASTER TIN KEEPSAKE,1
16710,552669,REGENCY MILK JUG PINK,1
16710,538862,ROSES REGENCY TEACUP AND SAUCER,1
16710,568369,SET OF 4 KNICK KNACK TINS DOILY,1
16710,547069,JIGSAW RABBIT AND BIRDHOUSE,1
16710,547069,SET 2 PANTRY DESIGN TEA TOWELS,1
16710,577517,LAUREL HEART ANTIQUE SILVER,1
16710,537382,ALARM CLOCK BAKELIKE IVORY,1
16710,547069,LUNCH BAG DOLLY GIRL DESIGN,1
16710,553385,PACK OF 12 TRADITIONAL CRAYONS,1
16710,561066,ASSORTED COLOURS SILK FAN,1
16710,552669,SET 2 PANTRY DESIGN TEA TOWELS,1
16710,552669,TRAVEL CARD WALLET KEEP CALM,1
16710,568369,HAND WARMER RED RETROSPOT,1
16710,537382,COSY HOUR GIANT TUBE MATCHES,1
16710,538862,SET OF 3 CAKE TINS PANTRY DESIGN,1
16710,552669,BLUE TEA TOWEL CLASSIC DESIGN,1
16710,553385,LUNCH BAG  BLACK SKULL.,1
16710,577517,REINDEER HEART DECORATION SILVER,1
16710,537382,SMALL HANGING IVORY/RED WOOD BIRD,1
16710,547069,PACK 3 BOXES BIRD PANNETONE,1
16710,561066,SET OF 3 BUTTERFLY COOKIE CUTTERS,1
16710,553385,EDWARDIAN PARASOL BLACK,1
16710,568369,HAND WARMER BABUSHKA DESIGN,1
16710,547069,LUNCH BAG CARS BLUE,1
16710,552669,BLUE COAT RACK PARIS FASHION,1
16710,553385,LUNCH BAG CARS BLUE,1
16710,547069,TROPICAL  HONEYCOMB PAPER GARLAND,1
16710,561066,SPACEBOY LUNCH BOX,1
16710,545945,TRAVEL CARD WALLET VINTAGE TICKET,1
16710,553385,POPPY'S PLAYHOUSE KITCHEN,1
16710,553385,ASSORTED COLOURS SILK FAN,1
16710,568369,SET3 BOOK BOX GREEN GINGHAM FLOWER,1
16710,537382,GLITTER CHRISTMAS TREE,1
16710,547069,LUNCH BAG SUKI DESIGN,1
16710,577517,HAND WARMER OWL DESIGN,1
16710,538862,SPACEBOY LUNCH BOX,1
16710,561066,SET/20 RED RETROSPOT PAPER NAPKINS,1
16710,553385,GROW YOUR OWN HERBS SET OF 3,1
16710,537382,GREY HEART HOT WATER BOTTLE,1
16710,537382,HAND WARMER SCOTTY DOG DESIGN,1
16710,553385,SET OF 10 LED DOLLY LIGHTS,1
16710,547069,WRAP POPPIES  DESIGN,1
16710,577517,FOLDING UMBRELLA CREAM POLKADOT,1
16710,537382,ALARM CLOCK BAKELIKE RED,1
16710,545945,GREEN REGENCY TEACUP AND SAUCER,1
16710,568369,SET OF 3 CAKE TINS PANTRY DESIGN,1
16710,577517,EGG CUP MILKMAID HELGA,1
16710,577517,SET OF 10 LED DOLLY LIGHTS,1
16710,577517,HOT STUFF HOT WATER BOTTLE,1
16710,537382,CINAMMON SET OF 9 T-LIGHTS,1
16710,547069,PACK OF 6 PANNETONE GIFT BOXES,1
16710,552669,SPACEBOY LUNCH BOX,1
16710,553385,LUNCH BAG RED RETROSPOT,1
16710,537382,SOLDIERS EGG CUP,1
16710,553385,MAKE YOUR OWN MONSOON CARD KIT,1
16710,561066,PLASTERS IN TIN SKULLS,1
16710,537382,BISCUIT TIN VINTAGE GREEN,1
16710,545945,TRAVEL CARD WALLET FLOWER MEADOW,1
16710,577517,FILIGRIS HEART WITH BUTTERFLY,1
16710,537382,FOLKART STAR CHRISTMAS DECORATIONS,1
16710,553385,REGENCY TEAPOT ROSES,1
16710,561066,TRAVEL CARD WALLET FLOWER MEADOW,1
16710,537382,YELLOW COAT RACK PARIS FASHION,1
16710,545945,TRAVEL CARD WALLET KEEP CALM,1
16710,577517,HOME SWEET HOME MUG,1
16710,537382,ALARM CLOCK BAKELIKE ORANGE,1
16710,537382,SCOTTIE DOG HOT WATER BOTTLE,1
16710,577517,HAND WARMER SCOTTY DOG DESIGN,1
16710,538862,SET OF 6 T-LIGHTS TOADSTOOLS,1
16710,547069,PANTRY PASTRY BRUSH,1
16710,568369,WHITE SAGE INCENSE,1
16710,568369,SET OF 60 PANTRY DESIGN CAKE CASES,1
16710,538862,HAND WARMER BABUSHKA DESIGN,1
16710,553385,SMALL POPCORN HOLDER,1
16710,568369,GREEN REGENCY TEACUP AND SAUCER,1
16710,538862,WOODEN PICTURE FRAME WHITE FINISH,1
16710,552669,SMALL DECO JEWELLERY STAND,1
16710,553385,TRAVEL SEWING KIT,1
16710,568369,SET OF 36 DOILIES PANTRY DESIGN,1
16710,568369,BAKING SET 9 PIECE RETROSPOT,1
16710,537382,HAND WARMER BABUSHKA DESIGN,1
16710,553385,LUNCH BOX WITH CUTLERY RETROSPOT,1
16710,553385,TRAVEL CARD WALLET SUKI,1
16710,577517,GLITTER HEART DECORATION,1
16710,537382,36 PENCILS TUBE RED RETROSPOT,1
16710,545945,GLASS CLOCHE LARGE,1
16710,577517,DAIRY MAID LARGE MILK JUG,1
16710,545945,RED RETROSPOT SMALL MILK JUG,1
16710,577517,VINTAGE DOILY TRAVEL SEWING KIT,1
16710,561066,DOLLY GIRL LUNCH BOX,1
16710,568369,SET OF 3 REGENCY CAKE TINS,1
16710,577517,SAVE THE PLANET MUG,1
16710,577517,HAND WARMER RED LOVE HEART,1
16710,537382,ROTATING SILVER ANGELS T-LIGHT HLDR,1
16710,537382,BIRD BOX CHRISTMAS TREE DECORATION,1
16710,553385,REGENCY SUGAR BOWL GREEN,1
16710,561066,POPCORN HOLDER,1
16710,538862,SET OF 6 KASHMIR FOLKART BAUBLES,1
16710,545945,SOLDIERS EGG CUP,1
16710,553385,REGENCY TEA PLATE ROSES,1
16710,577517,ANTIQUE SILVER T-LIGHT GLASS,1
16710,545945,RED RETROSPOT SUGAR JAM BOWL,1
16710,577517,BLUE PAISLEY POCKET BOOK,1
16710,537382,DISCO BALL CHRISTMAS DECORATION,1
16710,547069,ASSORTED TUTTI FRUTTI PEN,1
16710,561066,PACK OF 12 RED RETROSPOT TISSUES,1
16710,553385,SKULL LUNCH BOX WITH CUTLERY,1
16710,568369,SET OF 60 I LOVE LONDON CAKE CASES,1
16710,577517,SET OF 4 JAM JAR MAGNETS,1
16710,577517,HAND WARMER RED RETROSPOT,1
16710,547069,PACK OF 20 NAPKINS PANTRY DESIGN,1
16710,553385,MINI FUNKY DESIGN TAPES,1
16710,577517,HAND OPEN SHAPE GOLD,1
16710,537382,HOT WATER BOTTLE TEA AND SYMPATHY,1
16710,561066,PLASTERS IN TIN SPACEBOY,1
16710,561066,PLASTERS IN TIN WOODLAND ANIMALS,1
16710,545945,TRAVEL CARD WALLET TRANSPORT,1
16710,547069,STRAWBERRY HONEYCOMB  GARLAND,1
16710,553385,POPPY'S PLAYHOUSE BATHROOM,1
16710,547069,WOOD STAMP SET BEST WISHES,1
16710,547069,GINGERBREAD MAN COOKIE CUTTER,1
16710,547069,GROW YOUR OWN FLOWERS SET OF 3,1
16710,568369,GLASS BON BON JAR,1
16710,545945,FELT FARM ANIMAL WHITE BUNNY,1
16710,553385,REGENCY CAKESTAND 3 TIER,1
16710,553385,SET OF 3 BUTTERFLY COOKIE CUTTERS,1
16710,545945,BABY BOOM RIBBONS,1
16710,547069,PLASTERS IN TIN CIRCUS PARADE,1
16710,552669,LARGE HEART MEASURING SPOONS,1
16710,568369,PACK OF 6 SKULL PAPER CUPS,1
16710,577517,VINTAGE DOILY DELUXE SEWING KIT,1
16710,538862,BLUE COAT RACK PARIS FASHION,1
16710,553385,SET OF 5 MINI GROCERY MAGNETS,1
16710,552669,TRAVEL CARD WALLET VINTAGE TICKET,1
16710,552669,"TRAY, BREAKFAST IN BED",1
16710,537382,RETROSPOT HEART HOT WATER BOTTLE,1
16710,537382,DOVE DECORATION PAINTED ZINC,1
16710,547069,PLASTERS IN TIN WOODLAND ANIMALS,1
16710,547069,WOOD STAMP SET FLOWERS,1
16710,553385,REGENCY SUGAR TONGS,1
16710,553385,POPPY'S PLAYHOUSE LIVINGROOM,1
16710,577517,RED RETROSPOT SMALL MILK JUG,1
16710,537382,GLITTER CHRISTMAS HEART,1
16710,552669,BREAD BIN DINER STYLE MINT,1
16710,561066,CIRCUS PARADE LUNCH BOX,1
16710,568369,HAND WARMER OWL DESIGN,1
16710,568369,REGENCY CAKESTAND 3 TIER,1
16710,577517,ZINC HEART LATTICE T-LIGHT HOLDER,1
16710,547069,PACK OF 20 NAPKINS RED APPLES,1
16710,561066,SET/6 RED SPOTTY PAPER PLATES,1
16710,547069,TRAVEL CARD WALLET VINTAGE ROSE,1
16710,552669,WHITE AND BLUE CERAMIC OIL BURNER,1
16710,553385,LUNCH BAG ALPHABET DESIGN,1
16710,553385,SET OF 5 PANCAKE DAY MAGNETS,1
16710,577517,HAND WARMER UNION JACK,1
16710,577517,LAUREL STAR ANTIQUE SILVER,1
16710,537382,BOX OF 24 COCKTAIL PARASOLS,1
16710,561066,CLOTHES PEGS RETROSPOT PACK 24,1
16710,547069,12 IVORY ROSE PEG PLACE SETTINGS,1
16710,553385,WRAP POPPIES  DESIGN,1
16710,553385,SET OF 3 HEART COOKIE CUTTERS,1
16710,553385,REGENCY MILK JUG PINK,1
16710,538862,SMALL PINK MAGIC CHRISTMAS TREE,1
16710,553385,REGENCY TEA STRAINER,1
16710,561066,POPPY'S PLAYHOUSE LIVINGROOM,1
16710,538862,VICTORIAN  METAL POSTCARD SPRING,1
16710,537382,BIRD BOX CHRISTMAS TREE DECORATION,1
16710,547069,TRAVEL CARD WALLET RETRO PETALS,1
16710,552669,FOLDING BUTTERFLY MIRROR IVORY,1
16710,561066,WRAP POPPIES  DESIGN,1
16710,561066,SET OF 5 PANCAKE DAY MAGNETS,1
16710,561066,POPPY'S PLAYHOUSE BEDROOM,1
16710,552669,MINIATURE ANTIQUE ROSE HOOK IVORY,1
16710,537382,6 RIBBONS ELEGANT CHRISTMAS,1
16710,553385,POPPY'S PLAYHOUSE BEDROOM,1
16710,552669,ANTIQUE GLASS DRESSING TABLE POT,1
16710,553385,DINOSAURS  WRITING SET,1
16710,538862,CHILDRENS DOLLY GIRL MUG,1
16710,545945,PHOTO FRAME CORNICE,1
16710,552669,ASSORTED COLOURS SILK FAN,1
16710,553385,LUNCH BAG SUKI DESIGN,1
16710,568369,SET OF 4 KNICK KNACK TINS LONDON,1
16813,553856,QUEEN OF THE SKIES PASSPORT COVER,1
16813,561868,LUNCH BAG APPLE DESIGN,1
16813,565408,JUMBO BAG ALPHABET,1
16813,553856,RED RETROSPOT CHARLOTTE BAG,1
16813,553856,FOOD CONTAINER SET 3 LOVE HEART,1
16813,555202,"METAL SIGN,CUPCAKE SINGLE HOOK",1
16813,555202,CERAMIC CAKE BOWL + HANGING CAKES,1
16813,580073,GLAMOROUS  MUG,1
16813,553856,OFFICE MUG WARMER POLKADOT,1
16813,567858,LUNCH BAG PINK POLKADOT,1
16813,563697,KITCHEN METAL SIGN,1
16813,572096,LUNCH BAG SPACEBOY DESIGN,1
16813,572096,RED RETROSPOT TAPE,1
16813,580073,HI TEC ALPINE HAND WARMER,1
16813,557283,VANILLA INCENSE IN TIN,1
16813,553856,LUNCH BOX WITH CUTLERY RETROSPOT,1
16813,555202,DOORMAT FAIRY CAKE,1
16813,561868,VANILLA INCENSE IN TIN,1
16813,560233,LUNCH BAG ALPHABET DESIGN,1
16813,560233,DOORMAT KEEP CALM AND COME IN,1
16813,561868,CARROT CHARLIE+LOLA COASTER SET,1
16813,553856,SET 12 KIDS COLOUR  CHALK STICKS,1
16813,555202,36 FOIL HEART CAKE CASES,1
16813,560233,PENS ASSORTED FUNNY FACE,1
16813,553856,SET 12 RETRO WHITE CHALK STICKS,1
16813,553856,METAL SIGN CUPCAKE SINGLE HOOK,1
16813,553856,CERAMIC PLATE STRAWBERRY DESIGN,1
16813,560233,JUMBO BAG RED RETROSPOT,1
16813,553856,TRAVEL CARD WALLET UNION JACK,1
16813,553856,RED RETROSPOT SHOPPER BAG,1
16813,555202,GRASS HOPPER WOODEN WALL CLOCK,1
16813,565408,CHARLIE + LOLA RED HOT WATER BOTTLE,1
16813,572096,JUMBO BAG SCANDINAVIAN BLUE PAISLEY,1
16813,553856,PACK OF 12 SUKI TISSUES,1
16813,555202,ENGLISH ROSE NOTEBOOK A7 SIZE,1
16813,553856,LADIES & GENTLEMEN METAL SIGN,1
16813,553856,PACK OF 12 SKULL TISSUES,1
16813,563697,SMALL DOLLY MIX DESIGN ORANGE BOWL,1
16813,557283,"KEY FOB , BACK DOOR",1
16813,567858,LOVE HEART POCKET WARMER,1
16813,553856,CLASSIC CAFE SUGAR DISPENSER,1
16813,553856,RECIPE BOX BLUE SKETCHBOOK DESIGN,1
16813,563697,LIPSTICK PEN RED,1
16813,572096,GARDENIA 1 WICK MORRIS BOXED CANDLE,1
16813,563697,LUNCH BAG RED RETROSPOT,1
16813,565408,JUMBO SHOPPER VINTAGE RED PAISLEY,1
16813,553856,PACK OF 12 SUKI TISSUES,1
16813,563697,TOILET METAL SIGN,1
16813,580073,DOORMAT KEEP CALM AND COME IN,1
16813,565408,CERAMIC CAKE BOWL + HANGING CAKES,1
16813,553856,JUMBO BAG RED RETROSPOT,1
16813,561868,METAL SIGN HIS DINNER IS SERVED,1
16813,572096,LADIES & GENTLEMEN METAL SIGN,1
16813,572096,4 LAVENDER BOTANICAL DINNER CANDLES,1
16813,560233,LARGE WHITE HEART OF WICKER,1
16813,560233,LUNCH BAG PINK POLKADOT,1
16813,560233,"KEY FOB , BACK DOOR",1
16813,561868,PINK VINTAGE PAISLEY PICNIC BAG,1
16813,565408,HAND WARMER UNION JACK,1
16813,553856,CREAM SWEETHEART EGG HOLDER,1
16813,553856,TRAVEL CARD WALLET RETROSPOT,1
16813,555202,FAIRY CAKES NOTEBOOK A7 SIZE,1
16813,560233,CERAMIC CAKE BOWL + HANGING CAKES,1
16813,580073,SMALL DOLLY MIX DESIGN ORANGE BOWL,1
16813,557283,JUMBO BAG PINK POLKADOT,1
16813,561868,LUNCH BAG DOLLY GIRL DESIGN,1
16813,572096,JUMBO BAG VINTAGE DOILY,1
16813,572096,ROSE 1 WICK MORRIS BOXED CANDLE,1
16813,553856,FIRST CLASS PASSPORT COVER,1
16813,557283,LUNCH BAG CARS BLUE,1
16813,572096,LUNCH BAG DOLLY GIRL DESIGN,1
16813,557283,CHILDRENS APRON SPACEBOY DESIGN,1
16813,560233,TEA TIME OVEN GLOVE,1
16813,553856,ALARM CLOCK BAKELIKE RED,1
16813,563697,MAN FLU METAL SIGN,1
16813,553856,PING MICROWAVE APRON,1
16813,557283,"KEY FOB , SHED",1
16813,567858,"KEY FOB , BACK DOOR",1
16813,553856,PIGGY BANK RETROSPOT,1
16813,560233,SMALL WHITE HEART OF WICKER,1
16813,580073,VINTAGE DOILY JUMBO BAG RED,1
16813,567858,MAGAZINE RACK GEBRA ASSORTED,1
16813,572096,LADS ONLY TISSUE BOX,1
16813,557283,LUNCH BAG APPLE DESIGN,1
16813,553856,MAN FLU METAL SIGN,1
16813,555202,JUMBO BAG RED RETROSPOT,1
16813,557283,THE KING GIFT BAG,1
16813,572096,JUMBO BAG PINK VINTAGE PAISLEY,1
16813,572096,STAR DECORATION PAINTED ZINC,1
16813,553856,LIPSTICK PEN FUSCHIA,1
16813,553856,KITCHEN METAL SIGN,1
16813,563697,JUMBO BAG RED RETROSPOT,1
16813,555202,SMALL DOLLY MIX DESIGN ORANGE BOWL,1
16813,560233,CREAM HEART CARD HOLDER,1
16813,572096,COOK WITH WINE METAL SIGN,1
16813,561868,CHARLIE & LOLA WASTEPAPER BIN FLORA,1
16813,561868,SET OF 2 TEA TOWELS PING MICROWAVE,1
16813,572096,LUNCH BAG VINTAGE DOILY,1
16813,553856,APPLE BATH SPONGE,1
16813,553856,STRAWBERRY SHOPPER BAG,1
16813,565408,RECYCLING BAG RETROSPOT,1
16813,572096,4 LILY  BOTANICAL DINNER CANDLES,1
16813,560233,GARDENERS KNEELING PAD KEEP CALM,1
16813,580073,JUMBO BAG 50'S CHRISTMAS,1
16813,561868,LUNCH BAG WOODLAND,1
16813,572096,JUMBO BAG DOLLY GIRL DESIGN,1
16813,553856,LOVE HEART SOCK HANGER,1
16813,560233,MINI CAKE STAND WITH HANGING CAKES,1
16813,557283,POPCORN HOLDER,1
16813,561868,ENGLISH ROSE NOTEBOOK A7 SIZE,1
16813,563697,ENGLISH ROSE SCENTED HANGING FLOWER,1
16813,567858,"KEY FOB , SHED",1
16813,572096,WOODEN HEART CHRISTMAS SCANDINAVIAN,1
16813,555202,MINI CAKE STAND WITH HANGING CAKES,1
16813,553856,LARGE HEART MEASURING SPOONS,1
16813,555202,CERAMIC STRAWBERRY MONEY BOX,1
16813,557283,GARDENERS KNEELING PAD CUP OF TEA,1
16813,553856,SET/10 RED POLKADOT PARTY CANDLES,1
16813,561868,COLOUR GLASS T-LIGHT HOLDER HANGING,1
16813,572096,CHRISTMAS METAL POSTCARD WITH BELLS,1
16813,561868,RED CHARLIE+LOLA PERSONAL DOORSIGN,1
16813,563697,LUNCH BAG VINTAGE DOILY,1
16813,553856,"KEY FOB , FRONT  DOOR",1
16813,565408,MINI CAKE STAND WITH HANGING CAKES,1
16813,572096,JUMBO BAG STRAWBERRY,1
16813,553856,LIPSTICK PEN RED,1
16813,557283,CALENDAR PAPER CUT DESIGN,1
16813,567858,LUNCH BAG VINTAGE DOILY,1
16813,557283,SMALL MARSHMALLOWS PINK BOWL,1
16813,572096,CHRISTMAS TREE PAINTED ZINC,1
16813,553856,TOILET METAL SIGN,1
16813,557283,OFFICE MUG WARMER BLACK+SILVER,1
16813,560233,LUNCH BAG  BLACK SKULL.,1
16813,560233,CERAMIC STRAWBERRY DESIGN MUG,1
16813,561868,MAGAZINE RACK GEBRA ASSORTED,1
16813,561868,BLUE CHARLIE+LOLA PERSONAL DOORSIGN,1
16813,555202,HANGING PHOTO CLIP ROPE LADDER,1
16813,565408,CERAMIC CAKE STAND + HANGING CAKES,1
16813,561868,JUMBO BAG PINK POLKADOT,1
16813,580073,SMALL MARSHMALLOWS PINK BOWL,1
16813,553856,PACK OF 12 RED RETROSPOT TISSUES,1
16813,565408,FUNKY MONKEY GIFT BAG MEDIUM,1
16813,561868,JUMBO BAG STRAWBERRY,1
16813,567858,DOORMAT SPOTTY HOME SWEET HOME,1
16813,557283,CERAMIC HEART FAIRY CAKE MONEY BANK,1
16813,553856,COOK WITH WINE METAL SIGN,1
16813,553856,RETROSPOT CHILDRENS APRON,1
16813,565408,SCANDINAVIAN PAISLEY PICNIC BAG,1
16813,553856,HANGING PHOTO CLIP ROPE LADDER,1
16813,555202,JUMBO BAG PINK POLKADOT,1
16813,560233,POPCORN HOLDER,1
16813,561868,LUNCH BAG SPACEBOY DESIGN,1
16813,572096,NOEL GARLAND PAINTED ZINC,1
16813,561868,TOILET METAL SIGN,1
16813,560233,JUMBO BAG STRAWBERRY,1
16813,565408,ENGLISH ROSE SCENTED HANGING FLOWER,1
16813,567858,JUMBO BAG PINK POLKADOT,1
16813,553856,OFFICE MUG WARMER PINK,1
16813,560233,CERAMIC CAKE DESIGN SPOTTED PLATE,1
16813,561868,FAIRY CAKES NOTEBOOK A6 SIZE,1
16813,553856,SET OF 6 GIRLS CELEBRATION CANDLES,1
16813,555202,HANGING HEART JAR T-LIGHT HOLDER,1
16813,557283,LUNCH BAG RED RETROSPOT,1
16813,560233,RED GINGHAM ROSE JEWELLERY BOX,1
16813,561868,JUMBO BAG SCANDINAVIAN BLUE PAISLEY,1
16813,572096,WOODEN TREE CHRISTMAS SCANDINAVIAN,1
16813,553856,JUMBO BAG STRAWBERRY,1
16813,553856,SET 20 NAPKINS FAIRY CAKES DESIGN,1
16813,560233,TOY TIDY PINK POLKADOT,1
16813,561868,BALLOON ART MAKE YOUR OWN FLOWERS,1
16813,563697,IVORY WICKER HEART MEDIUM,1
16813,565408,CHARLIE & LOLA WASTEPAPER BIN BLUE,1
16813,565408,THE KING GIFT BAG 25x24x12cm,1
16813,567858,LUNCH BAG CARS BLUE,1
16813,580073,RECIPE BOX PANTRY YELLOW DESIGN,1
16813,555202,SET/5 RED RETROSPOT LID GLASS BOWLS,1
16813,565408,SNOWSTORM PHOTO FRAME FRIDGE MAGNET,1
16813,553856,FREESTYLE CANVAS ART PICTURE,1
16813,555202,JUMBO BAG RED RETROSPOT,1
16813,557283,SET OF 9 HEART SHAPED BALLOONS,1
16813,563697,BATHROOM METAL SIGN,1
16813,553856,"METAL SIGN,CUPCAKE SINGLE HOOK",1
16813,555202,METAL SIGN CUPCAKE SINGLE HOOK,1
16813,561868,LUNCH BAG CARS BLUE,1
16813,555202,BOTTLE BAG RETROSPOT,1
16813,560233,"KEY FOB , SHED",1
16813,572096,ORIGAMI ROSE INCENSE/CANDLE SET,1
16813,560233,CERAMIC CAKE STAND + HANGING CAKES,1
16813,553856,"KEY FOB , GARAGE DESIGN",1
16813,555202,WHITE STITCHED WALL CLOCK,1
16813,557283,CALENDAR FAMILY FAVOURITES,1
16813,560233,FAIRY CAKES NOTEBOOK A7 SIZE,1
16813,560233,CERAMIC CAKE DESIGN SPOTTED MUG,1
16813,553856,SET 6 FOOTBALL CELEBRATION CANDLES,1
16813,565408,PIGGY BANK RETROSPOT,1
16813,567858,LUNCH BAG ALPHABET DESIGN,1
16813,553856,METAL SIGN HER DINNER IS SERVED,1
16813,561868,SCANDINAVIAN PAISLEY PICNIC BAG,1
16813,561868,FAIRY CAKES NOTEBOOK A7 SIZE,1
16813,572096,HEARTS GIFT TAPE,1
16813,560233,"KEY FOB , FRONT  DOOR",1
16813,553856,60 TEATIME FAIRY CAKE CASES,1
16813,561868,GARDENERS KNEELING PAD CUP OF TEA,1
16813,572096,CHRISTMAS PUDDING TRINKET POT,1
16813,553856,CERAMIC STRAWBERRY DESIGN MUG,1
16813,553856,SET/5 RED RETROSPOT LID GLASS BOWLS,1
16813,561868,LADS ONLY TISSUE BOX,1
16813,572096,4 WILDFLOWER BOTANICAL CANDLES,1
16813,580073,CHRISTMAS TOILET ROLL,1
16813,563697,GARDENERS KNEELING PAD KEEP CALM,1
16813,565408,JUMBO  BAG BAROQUE BLACK WHITE,1
16813,572096,YOU'RE CONFUSING ME METAL SIGN,1
16813,553856,STRAWBERRY BATH SPONGE,1
16813,557283,SWEETIES  STICKERS,1
16813,561868,ENGLISH ROSE SCENTED HANGING FLOWER,1
16813,565408,TOY TIDY PINK POLKADOT,1
16813,560233,LUNCH BAG CARS BLUE,1
16813,561868,LUNCH BAG WOODLAND,1
16813,553856,SET 12 KIDS  WHITE CHALK STICKS,1
16813,560233,LUNCH BAG DOLLY GIRL DESIGN,1
16813,553856,TRAVEL CARD WALLET KEEP CALM,1
16813,560233,SMALL CHOCOLATES PINK BOWL,1
16813,580073,HEART SHAPE WIRELESS DOORBELL,1
16813,555202,DOORMAT KEEP CALM AND COME IN,1
16813,555202,BLACK PIRATE TREASURE CHEST,1
16813,560233,LUNCH BAG SUKI DESIGN,1
16813,553856,APRON MODERN VINTAGE COTTON,1
16813,563697,DO NOT TOUCH MY STUFF DOOR HANGER,1
16813,561868,GARDENERS KNEELING PAD KEEP CALM,1
16813,567858,JUMBO BAG SCANDINAVIAN BLUE PAISLEY,1
16813,553856,TEA TIME KITCHEN APRON,1
16813,555202,"METAL SIGN,CUPCAKE SINGLE HOOK",1
16813,557283,SKULLS  STICKERS,1
16813,561868,PING MICROWAVE APRON,1
16813,572096,SWEETHEART 3 TIER CAKE STAND,1
16813,553856,"METAL SIGN,CUPCAKE SINGLE HOOK",1
16813,557283,LUNCH BAG  BLACK SKULL.,1
16813,563697,"\"CHARLIE+LOLA\"\"EXTREMELY BUSY\"\" SIGN\"",1
16813,567858,PLEASE ONE PERSON METAL SIGN,1
16813,572096,SET OF 2 CHRISTMAS DECOUPAGE CANDLE,1
16813,553856,LUNCH BAG RED RETROSPOT,1
16813,555202,CERAMIC STRAWBERRY CAKE MONEY BANK,1
16813,557283,SMALL DOLLY MIX DESIGN ORANGE BOWL,1
16813,561868,LUNCH BAG  BLACK SKULL.,1
16813,563697,CHARLIE AND LOLA FIGURES TINS,1
16813,553856,CERAMIC CAKE DESIGN SPOTTED MUG,1
16813,555202,JUMBO BAG STRAWBERRY,1
16813,560233,JUMBO BAG ALPHABET,1
16813,563697,WASHROOM METAL SIGN,1
16813,561868,JUMBO BAG DOLLY GIRL DESIGN,1
16813,567858,FREESTYLE CANVAS ART PICTURE,1
16813,561868,STRAWBERRY CHARLOTTE BAG,1
16813,563697,JUMBO BAG VINTAGE DOILY,1
16813,565408,BISCUITS SMALL BOWL LIGHT BLUE,1
16813,553856,"KEY FOB , BACK DOOR",1
16813,563697,MOTORING TISSUE BOX,1
16813,572096,PLEASE ONE PERSON METAL SIGN,1
16813,567858,ENGLISH ROSE SCENTED HANGING FLOWER,1
16813,572096,GREEN CHRISTMAS TREE CARD HOLDER,1
16813,565408,WASHROOM METAL SIGN,1
16813,553856,NATURAL SLATE HEART CHALKBOARD,1
16813,572096,CANDY HEART HANGING DECORATION,1
16813,553856,STRAWBERRY FAIRY CAKE TEAPOT,1
16813,553856,LOVE HEART TRINKET POT,1
16813,572096,PAINTED METAL HEART WITH HOLLY BELL,1
16813,555202,FAIRY CAKES NOTEBOOK A6 SIZE,1
16813,560233,JAZZ HEARTS PURSE NOTEBOOK,1
16813,563697,TRAVEL CARD WALLET KEEP CALM,1
16813,553856,CERAMIC CAKE BOWL + HANGING CAKES,1
16813,555202,TOY TIDY PINK POLKADOT,1
16813,555202,CHAMPAGNE TRAY BLANK CARD,1
16813,557283,LUNCH BAG RED RETROSPOT,1
16813,563697,GARDENERS KNEELING PAD CUP OF TEA,1
16813,572096,DOORMAT KEEP CALM AND COME IN,1
16813,560233,JUMBO BAG SCANDINAVIAN BLUE PAISLEY,1
16813,553856,SKULL LUNCH BOX WITH CUTLERY,1
16813,553856,SAVE THE PLANET MUG,1
16813,561868,LUNCH BAG DOILEY PATTERN,1
16813,555202,APRON MODERN VINTAGE COTTON,1
16813,555202,RAIN PONCHO RETROSPOT,1
16813,553856,VIPPASSPORT COVER,1
16813,557283,JUMBO BAG RED RETROSPOT,1
16813,553856,CARAVAN SQUARE TISSUE BOX,1
16813,561868,JUMBO BAG DOILEY PATTERNS,1
16813,567858,JUMBO BAG PINK VINTAGE PAISLEY,1
16813,563697,SMALL WHITE HEART OF WICKER,1
16813,565408,ICON MUG REVOLUTIONARY,1
16813,560233,LUNCH BAG WOODLAND,1
16813,561868,JUMBO BAG CHARLIE AND LOLA TOYS,1
16813,557283,PINK FAIRY CAKE CHILDRENS APRON,1
16813,560233,LUNCH BAG RED RETROSPOT,1
16813,561868,"\"CHARLIE+LOLA\"\"EXTREMELY BUSY\"\" SIGN\"",1
16813,560233,SET/5 RED RETROSPOT LID GLASS BOWLS,1
16813,565408,JUMBO BAG ALPHABET,1
16813,572096,SILVER MUG BONE CHINA TREE OF LIFE,1
16813,553856,PINK FAIRY CAKE CHILDRENS APRON,1
16813,557283,MINI PAINTED GARDEN DECORATION,1
16813,561868,MAN FLU METAL SIGN,1
16813,561868,TOY TIDY PINK POLKADOT,1
16813,563697,JUMBO BAG PINK VINTAGE PAISLEY,1
16813,557283,GARDENERS KNEELING PAD KEEP CALM,1
16813,572096,CHOCOLATE 1 WICK MORRIS BOX CANDLE,1
16813,580073,CARROT CHARLIE+LOLA COASTER SET,1
16813,557283,SET 4 VALENTINE DECOUPAGE HEART BOX,1
16813,557283,TEA TIME OVEN GLOVE,1
16813,561868,OFFICE MUG WARMER BLACK+SILVER,1
16813,561868,CHARLIE & LOLA WASTEPAPER BIN BLUE,1
16813,580073,ICON MUG REVOLUTIONARY,1
16813,560233,LUNCH BAG SPACEBOY DESIGN,1
16813,561868,LUNCH BAG PINK POLKADOT,1
16813,561868,CLOTHES PEGS RETROSPOT PACK 24,1
16813,557283,TEA BAG PLATE RED RETROSPOT,1
16813,560233,LUNCH BAG DOILEY PATTERN,1
16813,565408,JUMBO BAG RED RETROSPOT,1
16813,567858,JUMBO BAG VINTAGE DOILY,1
16813,567858,JUMBO BAG RED RETROSPOT,1
16813,563697,NO JUNK MAIL METAL SIGN,1
16813,563697,SET/5 RED RETROSPOT LID GLASS BOWLS,1
16813,563697,SMALL CHOCOLATES PINK BOWL,1
16813,572096,LUNCH BAG  BLACK SKULL.,1
16813,572096,MORE BUTTER METAL SIGN,1
16813,553856,TEA TIME OVEN GLOVE,1
16813,553856,STRAWBERRY LUNCH BOX WITH CUTLERY,1
16813,560233,GIRLS ALPHABET IRON ON PATCHES,1
16813,563697,LIPSTICK PEN FUSCHIA,1
16813,572096,ORIGAMI LAVENDER INCENSE/CANDL SET,1
16813,557283,CAKE SHOP  STICKER SHEET,1
16813,557283,ALPHABET HEARTS STICKER SHEET,1
16813,560233,JUMBO BAG PINK POLKADOT,1
16813,553856,CERAMIC CAKE DESIGN SPOTTED PLATE,1
16813,565408,JUMBO BAG VINTAGE DOILY,1
16813,580073,TOMATO CHARLIE+LOLA COASTER SET,1
16813,563697,LARGE WHITE HEART OF WICKER,1
16813,560233,ENGLISH ROSE SCENTED HANGING FLOWER,1
16813,560233,ENGLISH ROSE NOTEBOOK A7 SIZE,1
16813,560233,SMALL DOLLY MIX DESIGN ORANGE BOWL,1
16813,553856,BATHROOM METAL SIGN,1
16813,557283,LUNCH BAG SPACEBOY DESIGN,1
16813,565408,RECYCLING BAG RETROSPOT,1
16813,572096,SET OF 4 ROSE BOTANICAL CANDLES,1
16813,561868,STRAWBERRY SHOPPER BAG,1
16813,572096,DOORMAT FAIRY CAKE,1
16813,580073,GIN AND TONIC MUG,1
16813,553856,TEA BAG PLATE RED RETROSPOT,1
16813,561868,TOY TIDY SPACEBOY,1
16813,563697,CREAM HEART CARD HOLDER,1
16813,565408,FRENCH WC SIGN BLUE METAL,1
16813,555202,SMALL MARSHMALLOWS PINK BOWL,1
16813,555202,CERAMIC HEART FAIRY CAKE MONEY BANK,1
16813,560233,JUMBO BAG APPLES,1
16813,563697,FOLKART HEART NAPKIN RINGS,1
16813,553856,RECIPE BOX PANTRY YELLOW DESIGN,1
16813,557283,OFFICE MUG WARMER POLKADOT,1
16813,572096,RED STAR CARD HOLDER,1
16813,553856,YOU'RE CONFUSING ME METAL SIGN,1
16813,553856,CERAMIC HEART FAIRY CAKE MONEY BANK,1
16813,580073,SMALL CHOCOLATES PINK BOWL,1
16813,580073,POTTERING MUG,1
16813,553856,STRAWBERRY CHARLOTTE BAG,1
16813,561868,THE KING GIFT BAG,1
16813,561868,KITCHEN METAL SIGN,1
16813,555202,CERAMIC CAKE DESIGN SPOTTED MUG,1
16813,572096,METAL SIGN EMPIRE TEA,1
16813,557283,MULTI HEARTS  STICKERS,1
16813,561868,TOY TIDY DOLLY GIRL DESIGN,1
16813,565408,LOVE HEART SOCK HANGER,1
16813,553856,PACK OF 72 RETROSPOT CAKE CASES,1
16813,561868,CHARLOTTE BAG DOLLY GIRL DESIGN,1
16813,565408,GREY HEART HOT WATER BOTTLE,1
16813,567858,JUMBO BAG WOODLAND ANIMALS,1
16813,572096,JUMBO BAG 50'S CHRISTMAS,1
16813,561868,JUMBO BAG PINK VINTAGE PAISLEY,1
16813,563697,LUNCH BAG DOLLY GIRL DESIGN,1
16813,572096,DOORMAT SPOTTY HOME SWEET HOME,1
16813,553856,PACK OF 12 HEARTS DESIGN TISSUES,1
16813,563697,IVORY WICKER HEART LARGE,1
16813,557283,SMALL WHITE HEART OF WICKER,1
16813,567858,LUNCH BAG RED RETROSPOT,1
16813,553856,"KEY FOB , SHED",1
16813,553856,VINTAGE BILLBOARD LOVE/HATE MUG,1
16813,555202,COLOUR GLASS T-LIGHT HOLDER HANGING,1
16813,561868,RECIPE BOX RETROSPOT,1
16813,561868,OFFICE MUG WARMER PINK,1
16813,563697,JUMBO BAG APPLES,1
16813,563697,WALL TIDY RETROSPOT,1
16813,561868,CHARLIE+LOLA MY ROOM DOOR SIGN,1
16813,563697,TOXIC AREA  DOOR HANGER,1
16813,580073,YELLOW SHARK HELICOPTER,1
16813,553856,PHOTO CLIP LINE,1
16813,553856,OFFICE MUG WARMER BLACK+SILVER,1
16813,560233,SMALL MARSHMALLOWS PINK BOWL,1
16813,572096,DOORMAT UNION FLAG,1
16813,560233,GARAGE KEY FOB,1
16813,560233,PENS ASSORTED FUNKY JEWELED,1
16813,565408,CHARLIE & LOLA WASTEPAPER BIN FLORA,1
16813,553856,TRAVEL CARD WALLET VINTAGE TICKET,1
16813,557283,"KEY FOB , BACK DOOR",1
16813,557283,RED RETROSPOT OVEN GLOVE DOUBLE,1
16813,553856,SET/20 STRAWBERRY PAPER NAPKINS,1
16813,563697,SMALL MARSHMALLOWS PINK BOWL,1
16813,553856,SMALL POPCORN HOLDER,1
16813,567858,LUNCH BAG WOODLAND,1
16813,557283,HEARTS  STICKERS,1
16813,561868,GIN + TONIC DIET METAL SIGN,1
16813,567858,GARAGE KEY FOB,1
16813,567858,FAIRY CAKES NOTEBOOK A6 SIZE,1
16813,555202,STRAWBERRY   PICNIC BAG,1
16813,567858,METAL SIGN TAKE IT OR LEAVE IT,1
16813,572096,WOODEN STAR CHRISTMAS SCANDINAVIAN,1
16813,572096,FAIRY CAKE FLANNEL ASSORTED COLOUR,1
16813,557283,FAIRY CAKES NOTEBOOK A6 SIZE,1
16813,557283,PANDA AND BUNNIES STICKER SHEET,1
16813,561868,YOU'RE CONFUSING ME METAL SIGN,1
16813,563697,JUMBO BAG DOLLY GIRL DESIGN,1
16813,572096,EMPIRE TISSUE BOX,1
16813,557283,DOORMAT KEEP CALM AND COME IN,1
16813,560233,LUNCH BAG APPLE DESIGN,1
16813,561868,POTTERING IN THE SHED METAL SIGN,1
16813,565408,CALENDAR IN SEASON DESIGN,1
16813,567858,DOORMAT FAIRY CAKE,1
16813,553856,RED RETROSPOT TISSUE BOX,1
16813,563697,POPCORN HOLDER,1
16813,563697,JUMBO BAG SCANDINAVIAN BLUE PAISLEY,1
16813,580073,RED DRAGONFLY HELICOPTER,1
16813,567858,JUMBO BAG TOYS,1
16813,567858,JUMBO BAG ALPHABET,1
17314,547885,SET OF 4 PANTRY JELLY MOULDS,1
17314,570855,SWEETHEART CERAMIC TRINKET BOX,1
17314,557898,PACK OF 20 SKULL PAPER NAPKINS,1
17314,542786,SMALL GLASS HEART TRINKET POT,1
17314,570855,DOUGHNUT LIP GLOSS,1
17314,542786,BATHROOM SET LOVE HEART DESIGN,1
17314,557898,FOLDING UMBRELLA CHOCOLATE POLKADOT,1
17314,542786,RED FLOCK LOVE HEART PHOTO FRAME,1
17314,559980,EDWARDIAN PARASOL RED,1
17314,575911,LAVENDER TOILETTE BOTTLE,1
17314,547885,RED GINGHAM TEDDY BEAR,1
17314,547885,CITRONELLA CANDLE GARDEN POT,1
17314,557898,CHOCOLATE CALCULATOR,1
17314,570855,60 CAKE CASES VINTAGE CHRISTMAS,1
17314,570855,STAR WREATH DECORATION WITH BELL,1
17314,570855,CHERUB HEART DECORATION SILVER,1
17314,557898,HAND OPEN SHAPE GOLD,1
17314,570855,3D CHRISTMAS STAMPS STICKERS,1
17314,557898,SET/10 BLUE POLKADOT PARTY CANDLES,1
17314,575911,SET OF 2 TRAYS HOME SWEET HOME,1
17314,557898,ICE CREAM SUNDAE LIP GLOSS,1
17314,542786,TOAST ITS - I LOVE YOU,1
17314,570855,MINI PLAYING CARDS SPACEBOY,1
17314,570855,FOLKART ZINC HEART CHRISTMAS DEC,1
17314,570855,SET OF 60 I LOVE LONDON CAKE CASES,1
17314,547885,ROUND CAKE TIN VINTAGE RED,1
17314,570855,CARD CHRISTMAS VILLAGE,1
17314,570855,VINTAGE CHRISTMAS STOCKING,1
17314,547885,VICTORIAN GLASS HANGING T-LIGHT,1
17314,570855,ASSORTED COLOUR BIRD ORNAMENT,1
17314,575911,GLASS  SONGBIRD STORAGE JAR,1
17314,559980,EDWARDIAN PARASOL PINK,1
17314,570855,CHRISTMAS RETROSPOT STAR WOOD,1
17314,542786,HEART CALCULATOR,1
17314,570855,WOODEN HEART CHRISTMAS SCANDINAVIAN,1
17314,570855,CHRISTMAS TREE HANGING GOLD,1
17314,557898,SET/10 PINK POLKADOT PARTY CANDLES,1
17314,575911,ZINC FOLKART SLEIGH BELLS,1
17314,570855,SET OF 6 RIBBONS VINTAGE CHRISTMAS,1
17314,570855,PLASTERS IN TIN CIRCUS PARADE,1
17314,559980,CHOCOLATE CALCULATOR,1
17314,575911,WALL ART BICYCLE SAFETY,1
17314,542786,TOTE BAG I LOVE LONDON,1
17314,542786,FOLDING UMBRELLA RED/WHITE POLKADOT,1
17314,570855,SET OF 60 PANTRY DESIGN CAKE CASES,1
17314,570855,ANTIQUE SILVER T-LIGHT GLASS,1
17314,570855,CERAMIC STRAWBERRY CAKE MONEY BANK,1
17314,559980,EDWARDIAN PARASOL BLACK,1
17314,570855,RED HANGING HEART T-LIGHT HOLDER,1
17314,542786,BLACK/BLUE POLKADOT UMBRELLA,1
17314,557898,RED ENAMEL FLOWER RING,1
17314,575911,HOME SWEET HOME CUSHION COVER,1
17314,542641,ROUND CAKE TIN VINTAGE RED,1
17314,557898,CAMOUFLAGE LED TORCH,1
17314,542786,PACK OF 72 RETROSPOT CAKE CASES,1
17314,542641,S/4 VALENTINE DECOUPAGE HEART BOX,1
17314,542786,EDWARDIAN PARASOL RED,1
17314,570855,CHRISTMAS RETROSPOT ANGEL WOOD,1
17314,542786,RED HEART SHAPE LOVE BUCKET,1
17314,570855,"BIRTHDAY CARD, RETRO SPOT",1
17314,557898,FOLDING UMBRELLA WHITE/RED POLKADOT,1
17314,570855,VINTAGE CHRISTMAS GIFT SACK,1
17314,547885,ANTIQUE GLASS PEDESTAL BOWL,1
17314,557898,PACK OF 12 LONDON TISSUES,1
17314,542786,CERAMIC CHERRY CAKE MONEY BANK,1
17314,557898,BUBBLEGUM RING ASSORTED,1
17314,570855,PLAYING CARDS KEEP CALM & CARRY ON,1
17314,542786,FOLDING UMBRELLA BLACKBLUE POLKADOT,1
17314,570855,ROLL WRAP VINTAGE CHRISTMAS,1
17314,557898,FOLDING UMBRELLA PINKWHITE POLKADOT,1
17314,570855,ANGEL DECORATION 3 BUTTONS,1
17314,557898,EDWARDIAN PARASOL PINK,1
17314,570855,RETROSPOT HEART HOT WATER BOTTLE,1
17314,542786,MINI LADLE LOVE HEART RED,1
17314,557898,WORLD WAR 2 GLIDERS ASSTD DESIGNS,1
17314,557898,FAIRY CAKE BIRTHDAY CANDLE SET,1
17314,570855,STRAWBERRY CERAMIC TRINKET BOX,1
17314,547885,ROUND CAKE TIN VINTAGE GREEN,1
17314,575911,STAR WOODEN CHRISTMAS DECORATION,1
17314,557898,BLACK ENAMEL FLOWER RING,1
17314,570855,GINGHAM HEART DECORATION,1
17314,559980,12 COLOURED PARTY BALLOONS,1
17314,557898,WOODEN PICTURE FRAME WHITE FINISH,1
17314,570855,ROCKING HORSE RED CHRISTMAS,1
17314,575911,POSTE FRANCE CUSHION COVER,1
17314,570855,SMALL HANGING IVORY/RED WOOD BIRD,1
17314,575911,BELLE JARDINIERE CUSHION COVER,1
17314,570855,AGED GLASS SILVER T-LIGHT HOLDER,1
17314,575911,WOODEN STAR CHRISTMAS SCANDINAVIAN,1
17314,542641,VINTAGE KEEPSAKE BOX TRAVELOGUE,1
17314,570855,BISCUIT TIN VINTAGE CHRISTMAS,1
17314,570855,ROLL WRAP 50'S CHRISTMAS,1
17314,570855,ROCKING HORSE GREEN CHRISTMAS,1
17314,557898,SKULLS  WATER TRANSFER TATTOOS,1
17314,570855,BOX OF 6 MINI 50'S CRACKERS,1
17314,542786,PACK OF 60 DINOSAUR CAKE CASES,1
17314,575911,CHRISTMAS MUSICAL ZINC STAR,1
17314,542786,BAKING MOULD HEART WHITE CHOCOLATE,1
17314,570855,BOX OF 6 MINI VINTAGE CRACKERS,1
17314,559980,BUBBLEGUM RING ASSORTED,1
17314,557898,PACK OF 6 SKULL PAPER CUPS,1
17314,559980,SET OF 9 BLACK SKULL BALLOONS,1
17314,542786,FOOD CONTAINER SET 3 LOVE HEART,1
17314,570855,HOMEMADE JAM SCENTED CANDLES,1
17314,575911,HOME SWEET HOME BOTTLE,1
17314,542786,LONDON BUS COFFEE MUG,1
17314,542786,BAKING MOULD HEART MILK CHOCOLATE,1
17314,575911,RED GINGHAM TEDDY BEAR,1
17314,542786,PACK OF 12 LONDON TISSUES,1
17314,570855,SET OF 20 VINTAGE CHRISTMAS NAPKINS,1
17314,575911,CHRISTMAS METAL TAGS ASSORTED,1
17314,557898,EDWARDIAN PARASOL RED,1
17314,557898,DOLLY MIXTURE CHILDREN'S UMBRELLA,1
17314,570855,6 GIFT TAGS VINTAGE CHRISTMAS,1
17314,570855,HOT WATER BOTTLE KEEP CALM,1
17314,559980,EDWARDIAN PARASOL NATURAL,1
17314,575911,SWALLOW WOODEN CHRISTMAS DECORATION,1
17314,557898,GRAND CHOCOLATECANDLE,1
17314,570855,CHRISTMAS STAR WISH LIST CHALKBOARD,1
17314,575911,HEART WOODEN CHRISTMAS DECORATION,1
17314,542641,ROUND CAKE TIN VINTAGE GREEN,1
17314,576385,OPEN CLOSED METAL SIGN,1
17314,557898,PACK OF 6 SKULL PAPER PLATES,1
17314,570855,WOODEN STAR CHRISTMAS SCANDINAVIAN,1
17314,570855,MINI PLAYING CARDS DOLLY GIRL,1
17314,575911,ANTIQUE GLASS PEDESTAL BOWL,1
17314,570855,PLAYING CARDS I LOVE LONDON,1
17314,570855,WHITE ROCKING HORSE HAND PAINTED,1
17314,542641,ASSORTED COLOUR MINI CASES,1
17314,542786,60 CAKE CASES DOLLY GIRL DESIGN,1
17314,570855,SOLDIERS EGG CUP,1
17458,578506,VINTAGE HEADS AND TAILS CARD GAME,0
17458,578506,3 ROSE MORRIS BOXED CANDLES,0
17458,578506,SET OF 6 3D KIT CARDS FOR KIDS,0
17458,578506,TRADITIONAL PICK UP STICKS GAME,0
17458,578506,WHITE HEARTS WIRE PLANT POT HOLDER,0
17458,578506,SWEETHEART BIRD HOUSE,0
17458,578506,ANT WHITE WIRE HEART SPIRAL,0
17458,578506,GREEN CHRISTMAS TREE CARD HOLDER,0
17458,578506,SNOWFLAKE PORTABLE TABLE LIGHT,0
17458,578506,YELLOW GIANT GARDEN THERMOMETER,0
17458,578506,LARGE WHITE HEART OF WICKER,0
17458,578506,GARDENERS KNEELING PAD CUP OF TEA,0
17458,578506,JAM MAKING SET PRINTED,0
17458,578506,SKULLS WRITING SET,0
17458,578506,SKULLS STORAGE BOX SMALL,0
17458,578506,BLUE POLKADOT WASHING UP GLOVES,0
17458,578506,LUNCH BAG APPLE DESIGN,0
17458,578506,PAPER POCKET TRAVELING FAN,0
17458,578506,TUSCAN VILLA DOVECOTE BIRD FEEDER,0
17458,578506,PLACE SETTING WHITE HEART,0
17458,578506,NUMBER TILE VINTAGE FONT 6,0
17458,578506,SANDALWOOD FAN,0
17458,578506,RATTLE SNAKE EGGS,0
17458,578506,12 PENCILS TALL TUBE SKULLS,0
17458,578506,SET OF 6 HEART CHOPSTICKS,0
17458,578506,CLASSIC GLASS COOKIE JAR,0
17458,578506,SILVER HEARTS TABLE DECORATION,0
17458,578506,FRYING PAN BLUE POLKADOT,0
17458,578506,SET OF 4 BLACK LOVEBIRD COASTERS,0
17458,578506,BAG 500g SWIRLY MARBLES,0
17458,578506,SMALL WHITE HEART OF WICKER,0
17458,578506,12 PENCILS SMALL TUBE RED RETROSPOT,0
17458,578506,CARD HOLDER LOVE BIRD SMALL,0
17458,578506,RETROSPOT CIGAR BOX MATCHES,0
17458,578506,HEART SHAPED HOLLY WREATH,0
17458,578506,WIRE EGG BASKET,0
17458,578506,HEART OF WICKER LARGE,0
17458,578506,RETROSPOT GIANT TUBE MATCHES,0
17458,578506,MISTLETOE HEART WREATH CREAM,0
17458,578506,TRADITIONAL PICK UP STICKS GAME,0
17458,578506,SKULLS  WATER TRANSFER TATTOOS,0
17458,578506,GLASS SPHERE CANDLE STAND MEDIUM,0
17458,578506,BLUE HARMONICA IN BOX,0
17458,578506,GARDENERS KNEELING PAD KEEP CALM,0
17458,578506,LUNCH BAG VINTAGE LEAF DESIGN,0
17458,578506,MISTLETOE HEART WREATH GREEN,0
17458,578506,HOME BUILDING BLOCK WORD,0
17458,578506,ASS FLORAL PRINT MULTI SCREWDRIVER,0
17458,578506,CLEAR DRAWER KNOB ACRYLIC EDWARDIAN,0
17458,578506,SET OF 6 HEART CHOPSTICKS,0
17458,578506,SET/20 RED RETROSPOT PAPER NAPKINS,0
17458,578506,PANTRY MAGNETIC  SHOPPING LIST,0
17458,578506,VINTAGE LEAF MAGNETIC NOTEPAD,0
17458,578506,CARD HOLDER LOVE BIRD LARGE,0
17866,560642,ICE CREAM SUNDAE LIP GLOSS,2
17866,560642,WOOD 2 DRAWER CABINET WHITE FINISH,2
17866,560642,GLITTER HANGING BUTTERFLY STRING,2
17866,560642,WOODEN FRAME ANTIQUE WHITE,2
17866,560642,WOODEN PICTURE FRAME WHITE FINISH,2
17866,560642,PINK HEART SHAPE EGG FRYING PAN,2
17866,560642,SAVOY ART DECO CLOCK,2
17866,560642,DOUGHNUT LIP GLOSS,2
17866,560642,DOORMAT KEEP CALM AND COME IN,2
17898,553402,SMALL CAMPHOR WOOD FIELD  MUSHROOM,0
17898,553402,SMALL TALL CAMPHOR WOOD TOADSTOOL,0
17898,553402,EMPIRE GIFT WRAP,0
17898,566921,ASS COLOUR GLOWING TIARAS,0
17898,553402,COWBOYS AND INDIANS BIRTHDAY CARD,0
17898,553402,EMPIRE BIRTHDAY CARD,0
17898,553402,SET 6 PAPER TABLE LANTERN HEARTS,0
17898,566921,SET OF 6 3D KIT CARDS FOR KIDS,0
17898,553402,BUNDLE OF 3 ALPHABET EXERCISE BOOKS,0
17898,553402,FELTCRAFT 6 FLOWER FRIENDS,0
17898,553402,CAMPHOR WOOD PORTOBELLO MUSHROOM,0
17898,553402,BALLOON WATER BOMB PACK OF 35,0
17898,566921,WORLD WAR 2 GLIDERS ASSTD DESIGNS,0
17898,566921,ALARM CLOCK BAKELIKE GREEN,0
17898,553402,RABBIT NIGHT LIGHT,0
17898,553402,"\"ASSORTED FLOWER COLOUR \"\"LEIS\"\"\"",0
17898,566921,VINTAGE DONKEY TAIL GAME,0
17898,553402,CARD BILLBOARD FONT,0
17898,566921,BLUE HARMONICA IN BOX,0
17898,566921,QUEENS GUARD COFFEE MUG,0
17898,553402,BOX OF 24 COCKTAIL PARASOLS,0
17898,553402,PACK OF 20 NAPKINS PANTRY DESIGN,0
17898,553402,ALARM CLOCK BAKELIKE RED,0
17898,553402,QUEENS GUARD COFFEE MUG,0
17898,553402,SET 12 KIDS COLOUR  CHALK STICKS,0
17898,566921,RED  HARMONICA IN BOX,0
17898,553402,WRAP ALPHABET DESIGN,0
17898,553402,DOLLY HONEYCOMB GARLAND,0
17969,538658,LARGE MEDINA STAMPED METAL BOWL,2
17969,558093,SET 7 BABUSHKA NESTING BOXES,2
17969,558093,FLOOR CUSHION ELEPHANT CARNIVAL,2
17969,538658,TABLE LAMP WHITE SHADE WOOD BASE,2
17969,558093,REX CASH+CARRY JUMBO SHOPPER,2
17969,538658,CHINESE DRAGON PAPER LANTERNS,2
17969,538658,POPPY'S PLAYHOUSE BEDROOM,2
17969,558093,ELEPHANT CARNIVAL POUFFE,2
17969,558093,ANTIQUE SILVER T-LIGHT GLASS,2
17969,538658,AIRLINE BAG VINTAGE TOKYO 78,2
17969,538658,NAMASTE SWAGAT INCENSE,2
17969,558093,WHITE METAL LANTERN,2
17969,558093,RECYCLED ACAPULCO MAT GREEN,2
17969,538658,METAL TUBE CHIME ON BAMBOO,2
