12912,576636,TREASURE ISLAND BOOK BOX,0
12912,578820,MINI LIGHTS WOODLAND MUSHROOMS,0
12912,578820,FULL ENGLISH BREAKFAST PLATE,0
12912,580053,RABBIT NIGHT LIGHT,0
12912,578820,PAPER CHAIN KIT VINTAGE CHRISTMAS,0
12912,580053,FULL ENGLISH BREAKFAST PLATE,0
12912,580053,REGENCY TEA PLATE PINK,0
12912,573334,GLASS APOTHECARY BOTTLE PERFUME,0
12912,581007,RABBIT NIGHT LIGHT,0
12912,573334,CLASSIC GLASS COOKIE JAR,0
12912,573334,TREASURE ISLAND BOOK BOX,0
12912,581007,PAPER CHAIN KIT VINTAGE CHRISTMAS,0
12912,576636,RABBIT NIGHT LIGHT,0
12912,573334,CHRISTMAS METAL TAGS ASSORTED,0
12912,578820,RABBIT NIGHT LIGHT,0
12912,580053,DRAWER KNOB CRACKLE GLAZE GREEN,0
12912,580053,FAWN BLUE HOT WATER BOTTLE,0
12912,573334,GLASS APOTHECARY BOTTLE TONIC,0
12912,580053,PINK REGENCY TEACUP AND SAUCER,0
12912,580053,REGENCY TEA PLATE GREEN,0
12912,580053,GREEN REGENCY TEACUP AND SAUCER,0
12912,573334,GLASS APOTHECARY BOTTLE ELIXIR,0
12912,573334,RABBIT NIGHT LIGHT,0
12912,580053,ANTIQUE SILVER BAUBLE LAMP,0
12933,576614,BAG 250g SWIRLY MARBLES,0
12933,576614,ROLL WRAP VINTAGE CHRISTMAS,0
12933,557639,SET/10 RED POLKADOT PARTY CANDLES,0
12933,576614,SET OF 20 VINTAGE CHRISTMAS NAPKINS,0
12933,557639,FELTCRAFT CUSHION BUTTERFLY,0
12933,557639,PINK GINGHAM CAT WITH SCARF,0
12933,557639,TREASURE TIN GYMKHANA DESIGN,0
12933,576614,POLYESTER FILLER PAD 40x40cm,0
12933,576614,HOT WATER BOTTLE KEEP CALM,0
12933,576614,CHRISTMAS METAL TAGS ASSORTED,0
12933,557639,FELTCRAFT BUTTERFLY HEARTS,0
12933,576614,MAGIC TREE -PAPER FLOWERS,0
12933,557639,3 STRIPEY MICE FELTCRAFT,0
12933,557639,FELTCRAFT 6 FLOWER FRIENDS,0
12933,557639,FELTCRAFT CUSHION RABBIT,0
12933,576614,GLITTER HEART GARLAND WITH BELLS,0
12933,557639,RETROSPOT TEA SET CERAMIC 11 PC,0
12933,576614,SET/6 PURPLE BUTTERFLY T-LIGHTS,0
12933,576614,LE JARDIN BOTANIQUE CUSHION COVER,0
12933,557639,RED RETROSPOT MINI CASES,0
12933,557639,TOOL BOX SOFT TOY,0
12933,576614,JUMBO STORAGE BAG SUKI,0
12933,576614,EMBROIDERED RIBBON REEL RUBY,0
12933,576614,SET/6 TURQUOISE BUTTERFLY T-LIGHTS,0
12933,576614,ROSE 1 WICK MORRIS BOXED CANDLE,0
12933,576614,BOX OF 6 MINI VINTAGE CRACKERS,0
12933,576614,BELLE JARDINIERE CUSHION COVER,0
12933,576614,SCOTTIE DOG HOT WATER BOTTLE,0
12933,557639,FELTCRAFT DOLL EMILY,0
12933,545276,FOLDING UMBRELLA CHOCOLATE POLKADOT,0
12933,576614,DOORMAT UNION FLAG,0
12933,557639,POPART WOODEN PENCILS ASST,0
12933,557639,ASSORTED COLOURS SILK FAN,0
12933,576614,VIP HOLIDAY PURSE,0
12933,557639,SET 7 BABUSHKA NESTING BOXES,0
12933,557639,CHOCOLATE CALCULATOR,0
12933,557639,DOG TOY WITH PINK CROCHET SKIRT,0
12933,576614,PARLOUR CERAMIC WALL HOOK,0
12933,576614,POSTE FRANCE CUSHION COVER,0
12933,576614,TRAVEL SEWING KIT,0
12933,576614,GARLAND WITH STARS AND BELLS,0
12933,557639,WASH BAG VINTAGE ROSE PAISLEY,0
12933,557639,PLASTERS IN TIN VINTAGE PAISLEY,0
12933,545276,EASTER TIN CHICKS IN GARDEN,0
12933,576614,VINTAGE DOILY TRAVEL SEWING KIT,0
12933,576614,OVEN MITT APPLES DESIGN,0
12933,545276,BATHROOM METAL SIGN,0
12933,576614,ROSE 3 WICK MORRIS BOX CANDLE,0
12933,557639,BABY MOUSE RED GINGHAM DRESS,0
12933,545276,ANTIQUE SILVER TEA GLASS ENGRAVED,0
12933,576614,SET OF 12  VINTAGE POSTCARD SET,0
12933,545276,VINTAGE BILLBOARD LOVE/HATE MUG,0
12933,557639,WORLD WAR 2 GLIDERS ASSTD DESIGNS,0
12933,557639,FELTCRAFT BOY JEAN-PAUL KIT,0
12933,576614,PINK UNION JACK  PASSPORT COVER,0
12933,557639,FELTCRAFT PRINCESS CHARLOTTE DOLL,0
12933,557639,JUMBO STORAGE BAG SUKI,0
12933,557639,RED GINGHAM TEDDY BEAR,0
12933,576614,CHRISTMAS CRAFT LITTLE FRIENDS,0
12933,576614,PACK OF 6 SWEETIE GIFT BOXES,0
12933,576614,PHOTO CUBE,0
12933,557639,FELTCRAFT GIRL AMELIE KIT,0
12933,576614,ROLL WRAP 50'S CHRISTMAS,0
12933,557639,PAPER CHAIN KIT RETROSPOT,0
12933,545276,MIRROR LOVE BIRD T-LIGHT HOLDER,0
12933,576614,GYMKHANA TREASURE BOOK BOX,0
12933,576614,GRASS HOPPER WOODEN WALL CLOCK,0
12933,576614,SET OF 2 TEA TOWELS APPLE AND PEARS,0
12933,576614,PAPER CHAIN KIT 50'S CHRISTMAS,0
12933,576614,BUNDLE OF 3 RETRO NOTE BOOKS,0
12933,576614,CHRISTMAS TREE PAINTED ZINC,0
12933,557639,SWALLOW SQUARE TISSUE BOX,0
12933,557639,PLASTERS IN TIN SKULLS,0
12933,557639,GLITTER BUTTERFLY CLIPS,0
12933,576614,CHRISTMAS CRAFT TREE TOP ANGEL,0
12933,576614,ALARM CLOCK BAKELIKE PINK,0
12933,576614,REINDEER HEART DECORATION GOLD,0
12933,576614,LAUREL HEART ANTIQUE GOLD,0
12933,557639,SET/6 PURPLE BUTTERFLY T-LIGHTS,0
12933,576614,PAPER CHAIN KIT VINTAGE CHRISTMAS,0
12933,576614,GREEN ROSE WASHBAG,0
12933,557639,BUBBLEGUM RING ASSORTED,0
12933,576614,BUNDLE OF 3 ALPHABET EXERCISE BOOKS,0
12933,576614,VINTAGE DOILY DELUXE SEWING KIT,0
12933,576614,SET OF 3 PANTRY WOODEN SPOONS,0
12933,576614,BAG 125g SWIRLY MARBLES,0
12933,576614,PACK OF 6 HANDBAG GIFT BOXES,0
12933,557639,FELTCRAFT DOLL ROSIE,0
12933,557639,PLASTERS IN TIN SPACEBOY,0
12933,576614,CHRISTMAS CRAFT WHITE FAIRY,0
12933,576614,ROUND CACTUS CANDLE,0
12933,545276,MIRROR LOVE BIRD T-LIGHT HOLDER,0
12933,557639,FELTCRAFT GIRL NICOLE KIT,0
12933,545276,REVOLVER WOODEN RULER,0
12933,557639,MAKE YOUR OWN FLOWERPOWER CARD KIT,0
12933,576614,GIANT 50'S CHRISTMAS CRACKER,0
12933,557639,DOCTOR'S BAG SOFT TOY,0
12933,576614,LAUREL STAR ANTIQUE SILVER,0
12933,557639,BUNDLE OF 3 ALPHABET EXERCISE BOOKS,0
12933,557639,MAKE YOUR OWN PLAYTIME CARD KIT,0
12933,576614,3 ROSE MORRIS BOXED CANDLES,0
12933,576614,LAUREL HEART ANTIQUE SILVER,0
12933,576614,LUNCH BAG PAISLEY PARK,0
12933,557639,PLASTERS IN TIN WOODLAND ANIMALS,0
12933,557639,MAKE YOUR OWN MONSOON CARD KIT,0
12933,576614,RATTLE SNAKE EGGS,0
13161,542609,3 HOOK PHOTO SHELF ANTIQUE WHITE,0
13161,542609,WHITE HANGING BEADS CANDLE HOLDER,0
13161,542609,ORGANISER WOOD ANTIQUE WHITE,0
13161,542609,WOODEN FRAME ANTIQUE WHITE,0
13161,542609,WHITE BAMBOO RIBS LAMPSHADE,0
13161,542609,PICTURE FRAME WOOD TRIPLE PORTRAIT,0
13161,542609,WOODEN PICTURE FRAME WHITE FINISH,0
13161,542609,WHITE HANGING HEART T-LIGHT HOLDER,0
13798,546326,JUMBO BAG STRAWBERRY,2
13798,565901,JUMBO BAG RED RETROSPOT,2
13798,565901,LUNCH BAG RED RETROSPOT,2
13798,540126,BOTTLE BAG RETROSPOT,2
13798,549619,YOU'RE CONFUSING ME METAL SIGN,2
13798,575982,DOORMAT FAIRY CAKE,2
13798,580258,YOU'RE CONFUSING ME METAL SIGN,2
13798,538353,MAN FLU METAL SIGN,2
13798,570115,SWEETHEART CERAMIC TRINKET BOX,2
13798,575982,LUNCH BAG PAISLEY PARK,2
13798,554943,COOK WITH WINE METAL SIGN,2
13798,540126,WALL TIDY RETROSPOT,2
13798,566619,JUMBO BAG SCANDINAVIAN BLUE PAISLEY,2
13798,552450,SWEETHEART CERAMIC TRINKET BOX,2
13798,538353,CERAMIC CAKE DESIGN SPOTTED PLATE,2
13798,549628,MIXED NUTS LIGHT GREEN BOWL,2
13798,555632,JUMBO BAG TOYS,2
13798,557470,TEA TIME PARTY BUNTING,2
13798,570115,HAND OVER THE CHOCOLATE   SIGN,2
13798,553713,SET/2 RED RETROSPOT TEA TOWELS,2
13798,566619,COOK WITH WINE METAL SIGN,2
13798,575982,HEADS AND TAILS SPORTING FUN,2
13798,540800,BOTTLE BAG RETROSPOT,2
13798,549619,HOT BATHS METAL SIGN,2
13798,549628,BLACK CHAMPAGNE GLASS,2
13798,565901,RED RETROSPOT PICNIC BAG,2
13798,538353,SMALL MARSHMALLOWS PINK BOWL,2
13798,558248,DOORMAT FAIRY CAKE,2
13798,558248,DOORMAT RED RETROSPOT,2
13798,564248,RED HANGING HEART T-LIGHT HOLDER,2
13798,541864,SET/5 RED RETROSPOT LID GLASS BOWLS,2
13798,543478,JUMBO BAG RED RETROSPOT,2
13798,548293,RED HANGING HEART T-LIGHT HOLDER,2
13798,569706,RED HANGING HEART T-LIGHT HOLDER,2
13798,577973,DOORMAT RED RETROSPOT,2
13798,540126,LARGE CAKE TOWEL CHOCOLATE SPOTS,2
13798,541864,HEART OF WICKER SMALL,2
13798,559204,HAND OVER THE CHOCOLATE   SIGN,2
13798,540126,"SWISS ROLL TOWEL, CHOCOLATE  SPOTS",2
13798,570115,YOU'RE CONFUSING ME METAL SIGN,2
13798,565901,YOU'RE CONFUSING ME METAL SIGN,2
13798,547032,SET/20 RED RETROSPOT PAPER NAPKINS,2
13798,545030,HAND OVER THE CHOCOLATE   SIGN,2
13798,550457,GIN + TONIC DIET METAL SIGN,2
13798,575982,GOLD MUG BONE CHINA TREE OF LIFE,2
13798,538353,HANGING FAIRY CAKE DECORATION,2
13798,570115,DOORMAT RED RETROSPOT,2
13798,574485,JUMBO BAG SCANDINAVIAN BLUE PAISLEY,2
13798,575982,HEART T-LIGHT HOLDER WILLIE WINKIE,2
13798,541864,LADIES & GENTLEMEN METAL SIGN,2
13798,551021,WHITE HANGING HEART T-LIGHT HOLDER,2
13798,555632,JUMBO BAG SCANDINAVIAN BLUE PAISLEY,2
13798,570115,HANGING FAIRY CAKE DECORATION,2
13798,541864,TEA TIME TABLE CLOTH,2
13798,541864,CERAMIC CAKE STAND + HANGING CAKES,2
13798,562722,DOORMAT FAIRY CAKE,2
13798,538353,DOORMAT RED RETROSPOT,2
13798,565901,RED RETROSPOT CHARLOTTE BAG,2
13798,580258,JUMBO BAG SCANDINAVIAN BLUE PAISLEY,2
13798,549619,LADIES & GENTLEMEN METAL SIGN,2
13798,550907,RED RETROSPOT PICNIC BAG,2
13798,565901,JUMBO  BAG BAROQUE BLACK WHITE,2
13798,566334,SWEETHEART CERAMIC TRINKET BOX,2
13798,540126,LARGE CAKE TOWEL PINK SPOTS,2
13798,544168,WHITE HANGING HEART T-LIGHT HOLDER,2
13798,549619,SET/5 RED RETROSPOT LID GLASS BOWLS,2
13798,550457,HARDMAN MUG 3 ASSORTED,2
13798,562722,GIN + TONIC DIET METAL SIGN,2
13798,553093,SET/6 RED SPOTTY PAPER PLATES,2
13798,562722,HANGING FAIRY CAKE DECORATION,2
13798,569706,SET/2 RED RETROSPOT TEA TOWELS,2
13798,540126,S/4 VALENTINE DECOUPAGE HEART BOX,2
13798,554943,DOORMAT RED RETROSPOT,2
13798,580258,CHOCOLATE THIS WAY METAL SIGN,2
13798,575982,RED HANGING HEART T-LIGHT HOLDER,2
13798,545030,JUMBO BAG RED RETROSPOT,2
13798,548293,RED RETROSPOT BOWL,2
13798,553713,PACK OF 72 RETROSPOT CAKE CASES,2
13798,577973,RED HANGING HEART T-LIGHT HOLDER,2
13798,547032,TEA TIME TABLE CLOTH,2
13798,551726,SWEETHEART CERAMIC TRINKET BOX,2
13798,540406,JUMBO  BAG BAROQUE BLACK WHITE,2
13798,546326,LUNCH BAG  BLACK SKULL.,2
13798,541864,MINI CAKE STAND WITH HANGING CAKES,2
13798,551726,STRAWBERRY   PICNIC BAG,2
13798,564248,WHITE HANGING HEART T-LIGHT HOLDER,2
13798,540406,JUMBO BAG RED RETROSPOT,2
13798,575982,BULL DOG BOTTLE OPENER,2
13798,543478,GIN + TONIC DIET METAL SIGN,2
13798,548293,MINI CAKE STAND WITH HANGING CAKES,2
13798,570115,HOT BATHS METAL SIGN,2
13798,575982,MAGIC DRAWING SLATE SPACEBOY,2
13798,575982,WHITE WICKER STAR,2
13798,564248,CERAMIC CAKE BOWL + HANGING CAKES,2
13798,575982,YOU'RE CONFUSING ME METAL SIGN,2
13798,557470,DOORMAT RED RETROSPOT,2
13798,575982,PINK FAIRY CAKE CHILDRENS APRON,2
13798,581139,LARGE CAKE TOWEL CHOCOLATE SPOTS,2
13798,538353,SMALL CHOCOLATES PINK BOWL,2
13798,538353,SMALL LICORICE DES PINK BOWL,2
13798,547373,RED RETROSPOT PICNIC BAG,2
13798,550457,ROUND CONTAINER SET OF 5 RETROSPOT,2
13798,559204,SET OF 3 HEART COOKIE CUTTERS,2
13798,565901,HOT BATHS METAL SIGN,2
13798,538353,MINI CAKE STAND WITH HANGING CAKES,2
13798,581432,MAN FLU METAL SIGN,2
13798,544168,BEWARE OF THE CAT METAL SIGN,2
13798,570115,CERAMIC CAKE BOWL + HANGING CAKES,2
13798,538353,HEART OF WICKER LARGE,2
13798,546326,BATHROOM METAL SIGN,2
13798,564248,BATHROOM METAL SIGN,2
13798,550457,PINK FAIRY CAKE CHILDRENS APRON,2
13798,575982,WHITE HANGING HEART T-LIGHT HOLDER,2
13798,549628,SMALL CHOCOLATES PINK BOWL,2
13798,552450,LADIES & GENTLEMEN METAL SIGN,2
13798,575982,PINK PAISLEY SQUARE TISSUE BOX,2
13798,579126,PLEASE ONE PERSON METAL SIGN,2
13798,575982,GIN + TONIC DIET METAL SIGN,2
13798,568653,STRAWBERRY CERAMIC TRINKET BOX,2
13798,538353,CERAMIC CAKE BOWL + HANGING CAKES,2
13798,556461,STRAWBERRY   PICNIC BAG,2
13798,554815,HANGING FAIRY CAKE DECORATION,2
13798,545888,PLEASE ONE PERSON METAL SIGN,2
13798,559204,RED RETROSPOT PICNIC BAG,2
13798,571299,JUMBO BAG SCANDINAVIAN BLUE PAISLEY,2
13798,558248,SMALL DOLLY MIX DESIGN ORANGE BOWL,2
13798,538353,PINK SWEETHEART BRACELET,2
13798,558248,SMALL MARSHMALLOWS PINK BOWL,2
13798,541864,SCANDINAVIAN PAISLEY PICNIC BAG,2
13798,556461,STRAWBERRY CERAMIC TRINKET BOX,2
13798,570115,PINK FAIRY CAKE CHILDRENS APRON,2
13798,541864,SWEETHEART CERAMIC TRINKET BOX,2
13798,566334,STRAWBERRY CHARLOTTE BAG,2
13798,554156,WHITE HANGING HEART T-LIGHT HOLDER,2
13798,538353,SMALL DOLLY MIX DESIGN ORANGE BOWL,2
13798,541864,CERAMIC CAKE BOWL + HANGING CAKES,2
13798,548293,BEWARE OF THE CAT METAL SIGN,2
13798,551725,DOORMAT RED RETROSPOT,2
13798,538353,STRAWBERRY CERAMIC TRINKET BOX,2
13798,550457,TEA TIME PARTY BUNTING,2
13798,573168,TEA TIME OVEN GLOVE,2
13798,581139,STRAWBERRY CERAMIC TRINKET POT,2
13798,538353,CERAMIC CAKE STAND + HANGING CAKES,2
13798,553093,JUMBO BAG RED RETROSPOT,2
13798,538353,HOT BATHS METAL SIGN,2
13798,544439,TOILET METAL SIGN,2
13798,549628,RED POLKADOT COFFEE  MUG,2
13798,554815,TEA TIME PARTY BUNTING,2
13798,538353,JUMBO  BAG BAROQUE BLACK WHITE,2
13798,538353,PACK OF 72 RETROSPOT CAKE CASES,2
13798,545888,DOORMAT FAIRY CAKE,2
13798,564248,DOORMAT RED RETROSPOT,2
13798,577973,WHITE HANGING HEART T-LIGHT HOLDER,2
13798,550457,TUMBLER NEW ENGLAND,2
13798,575982,FULL ENGLISH BREAKFAST PLATE,2
13798,558248,JUMBO BAG RED RETROSPOT,2
13798,564248,RED RETROSPOT BOWL,2
13798,548293,CERAMIC CAKE BOWL + HANGING CAKES,2
13798,536824,WHITE HANGING HEART T-LIGHT HOLDER,2
13798,540406,JUMBO BAG TOYS,2
13798,543478,DOORMAT RED RETROSPOT,2
13798,566334,MINI CAKE STAND WITH HANGING CAKES,2
13798,581139,SWEETHEART CERAMIC TRINKET BOX,2
13798,538353,TEA TIME OVEN GLOVE,2
13798,547032,PINK PARTY BAGS,2
13798,552450,RED RETROSPOT CHARLOTTE BAG,2
13798,553093,DOORMAT RED RETROSPOT,2
13798,550457,SET OF 3 BUTTERFLY COOKIE CUTTERS,2
13798,538353,COOK WITH WINE METAL SIGN,2
13798,557470,GIN + TONIC DIET METAL SIGN,2
13798,538353,SET/5 RED RETROSPOT LID GLASS BOWLS,2
13798,548144,WHITE HANGING HEART T-LIGHT HOLDER,2
13798,554943,RED RETROSPOT PICNIC BAG,2
13798,548293,JUMBO BAG TOYS,2
13798,554156,HOT BATHS METAL SIGN,2
13798,540126,LARGE CAKE TOWEL CHOCOLATE SPOTS,2
13798,540130,DOORMAT RED RETROSPOT,2
13798,540800,DECORATIVE FLORE BATHROOM BOTTLE,2
13798,558248,SET/5 RED RETROSPOT LID GLASS BOWLS,2
13798,562109,TEA TIME PARTY BUNTING,2
13798,575982,FRYING PAN UNION FLAG,2
13798,538353,BIG DOUGHNUT FRIDGE MAGNETS,2
13798,541864,MOUSE TOY WITH PINK T-SHIRT,2
13798,543478,RED RETROSPOT PICNIC BAG,2
13798,551725,LUNCH BAG CARS BLUE,2
13798,562722,WASHROOM METAL SIGN,2
13798,548293,SET OF 36 TEATIME PAPER DOILIES,2
13798,562722,JUMBO BAG RED RETROSPOT,2
13798,540800,WALL TIDY RETROSPOT,2
13798,548979,JUMBO BAG RED RETROSPOT,2
13798,549628,BISCUITS SMALL BOWL LIGHT BLUE,2
13798,580258,KITCHEN METAL SIGN,2
13798,549628,SMALL DOLLY MIX DESIGN ORANGE BOWL,2
13798,551726,RED RETROSPOT PICNIC BAG,2
13798,538353,SWEETHEART CERAMIC TRINKET BOX,2
13798,538353,BLACK SWEETHEART BRACELET,2
13798,550907,JUMBO BAG SCANDINAVIAN BLUE PAISLEY,2
13798,552450,PINK VINTAGE PAISLEY PICNIC BAG,2
13798,580258,DOORMAT RED RETROSPOT,2
13798,573168,DOORMAT RED RETROSPOT,2
13798,544439,JUMBO BAG SCANDINAVIAN PAISLEY,2
13798,549619,SET 20 NAPKINS FAIRY CAKES DESIGN,2
13798,566334,PINK CREAM FELT CRAFT TRINKET BOX,2
13798,581139,WHITE HANGING HEART T-LIGHT HOLDER,2
13798,538353,BEWARE OF THE CAT METAL SIGN,2
13798,538353,JUMBO BAG RED RETROSPOT,2
13798,545888,60 TEATIME FAIRY CAKE CASES,2
13798,570115,PLEASE ONE PERSON METAL SIGN,2
13798,540126,SET OF 4 FAIRY CAKE PLACEMATS,2
13798,554943,LUNCH BAG RED RETROSPOT,2
13798,548144,JUMBO BAG RED RETROSPOT,2
13798,570115,CHRISTMAS HANGING STAR WITH BELL,2
13798,551726,CERAMIC CAKE BOWL + HANGING CAKES,2
13798,554815,JUMBO  BAG BAROQUE BLACK WHITE,2
13798,573168,RED RETROSPOT PICNIC BAG,2
13798,580258,HAND OVER THE CHOCOLATE   SIGN,2
13798,549628,BLACK WINE GLASS,2
13798,549628,SMALL MARSHMALLOWS PINK BOWL,2
13798,573168,SET 20 NAPKINS FAIRY CAKES DESIGN,2
13798,566334,SET/20 RED RETROSPOT PAPER NAPKINS,2
13798,577973,SWEETHEART CERAMIC TRINKET BOX,2
13798,570115,RED RETROSPOT OVEN GLOVE,2
13798,550457,LUNCH BAG RED RETROSPOT,2
13798,559204,LUNCH BAG CARS BLUE,2
13798,538353,JUMBO BAG SCANDINAVIAN PAISLEY,2
13798,555632,YOU'RE CONFUSING ME METAL SIGN,2
13798,548293,HANGING FAIRY CAKE DECORATION,2
13798,540130,WHITE HANGING HEART T-LIGHT HOLDER,2
13798,562109,SET/20 RED RETROSPOT PAPER NAPKINS,2
13798,568653,SET/6 RED SPOTTY PAPER CUPS,2
13798,574485,SET/5 RED RETROSPOT LID GLASS BOWLS,2
13798,538353,HANGING FAIRY CAKE DECORATION,2
13798,575178,DOORMAT RED RETROSPOT,2
13798,575982,STAR T-LIGHT HOLDER WILLIE WINKIE,2
13798,538353,BLUE PARTY BAGS,2
13798,551725,TEA TIME PARTY BUNTING,2
13798,575178,SET/2 RED RETROSPOT TEA TOWELS,2
13798,543478,CERAMIC CAKE STAND + HANGING CAKES,2
13798,548293,DOORMAT FAIRY CAKE,2
13798,550457,MINI CAKE STAND WITH HANGING CAKES,2
13798,570115,PINK BLUE FELT CRAFT TRINKET BOX,2
13798,570115,BEWARE OF THE CAT METAL SIGN,2
13798,538353,SINGLE HEART ZINC T-LIGHT HOLDER,2
13798,540800,WHITE HANGING HEART T-LIGHT HOLDER,2
13798,541864,SET OF 3 HEART COOKIE CUTTERS,2
13798,581432,CREAM HANGING HEART T-LIGHT HOLDER,2
13798,581139,COOK WITH WINE METAL SIGN,2
13798,556461,JUMBO BAG RED RETROSPOT,2
13798,560597,WHITE HANGING HEART T-LIGHT HOLDER,2
13798,560597,RED HANGING HEART T-LIGHT HOLDER,2
13798,541864,JUMBO BAG RED RETROSPOT,2
13798,540800,DECORATIVE ROSE BATHROOM BOTTLE,2
13798,574485,HOT BATHS METAL SIGN,2
13798,565901,LADIES & GENTLEMEN METAL SIGN,2
13798,543478,HOT BATHS METAL SIGN,2
13798,553093,JUMBO BAG STRAWBERRY,2
13798,553093,STRAWBERRY CHARLOTTE BAG,2
13798,575982,PACK OF 12 SKULL TISSUES,2
13798,538353,SET OF 3 BUTTERFLY COOKIE CUTTERS,2
13798,558248,LAUNDRY 15C METAL SIGN,2
13798,538353,HAWAIIAN GRASS SKIRT,2
13798,550457,JUMBO  BAG BAROQUE BLACK WHITE,2
13798,581139,SET/2 RED RETROSPOT TEA TOWELS,2
13798,562722,TOILET METAL SIGN,2
13798,538353,PINK DOUGHNUT TRINKET POT,2
13798,538353,BLUE SWEETHEART BRACELET,2
13798,550457,HOT BATHS METAL SIGN,2
13798,552450,SET/5 RED RETROSPOT LID GLASS BOWLS,2
13798,577973,GOLD MUG BONE CHINA TREE OF LIFE,2
13798,579126,PINK FAIRY CAKE CHILDRENS APRON,2
13798,562109,SET/6 RED SPOTTY PAPER PLATES,2
13798,548979,STRAWBERRY CERAMIC TRINKET BOX,2
13798,550457,DOORMAT FAIRY CAKE,2
13798,581432,PINK DOUGHNUT TRINKET POT,2
13798,540800,SET/6 RED SPOTTY PAPER PLATES,2
13798,547373,RED RETROSPOT SHOPPER BAG,2
13798,556461,SET 20 NAPKINS FAIRY CAKES DESIGN,2
13798,574485,LADIES & GENTLEMEN METAL SIGN,2
13798,538353,PLEASE ONE PERSON METAL SIGN,2
13798,558248,SMALL CHOCOLATES PINK BOWL,2
13798,562109,RED RETROSPOT PICNIC BAG,2
13798,568653,CHRISTMAS PUDDING TRINKET POT,2
13798,568653,WHITE HANGING HEART T-LIGHT HOLDER,2
13798,575982,TRADITIONAL PICK UP STICKS GAME,2
13798,565901,PLEASE ONE PERSON METAL SIGN,2
13798,552450,PLEASE ONE PERSON METAL SIGN,2
13798,581139,PINK DOUGHNUT TRINKET POT,2
13798,543478,WASHROOM METAL SIGN,2
13798,556461,RED RETROSPOT PICNIC BAG,2
13798,556461,CERAMIC CAKE BOWL + HANGING CAKES,2
13798,538353,CHRISTMAS PUDDING TRINKET POT,2
13798,544439,CHOCOLATE THIS WAY METAL SIGN,2
13798,545888,HOT BATHS METAL SIGN,2
13798,575982,HOT BATHS METAL SIGN,2
13798,538353,GREEN SWEETHEART BRACELET,2
13798,541864,PINK BLUE FELT CRAFT TRINKET BOX,2
13798,558248,BISCUITS SMALL BOWL LIGHT BLUE,2
13798,548293,JUMBO BAG SCANDINAVIAN BLUE PAISLEY,2
13798,566619,CHRISTMAS PUDDING TRINKET POT,2
13798,540126,LARGE CAKE TOWEL PINK SPOTS,2
13798,577973,FAIRY CAKE FLANNEL ASSORTED COLOUR,2
13798,548979,RED RETROSPOT PICNIC BAG,2
13798,579126,SWEETHEART CERAMIC TRINKET BOX,2
13798,541864,LAUNDRY 15C METAL SIGN,2
13798,541864,DOORMAT FAIRY CAKE,2
13798,541864,TEA TIME OVEN GLOVE,2
13798,570115,SET OF 3 BUTTERFLY COOKIE CUTTERS,2
13798,556461,HOT BATHS METAL SIGN,2
13798,575982,SET/20 RED RETROSPOT PAPER NAPKINS,2
13798,557470,LUNCH BAG  BLACK SKULL.,2
13798,551725,LUNCH BAG  BLACK SKULL.,2
13798,555632,WHITE HANGING HEART T-LIGHT HOLDER,2
13798,562722,LUNCH BAG RED RETROSPOT,2
13798,547373,LUNCH BAG CARS BLUE,2
13798,554156,YOU'RE CONFUSING ME METAL SIGN,2
13798,538353,DOORMAT FAIRY CAKE,2
13798,540126,"SWISS ROLL TOWEL, PINK  SPOTS",2
13798,547373,RED RETROSPOT CHARLOTTE BAG,2
13798,562722,SWEETHEART CERAMIC TRINKET BOX,2
13798,579126,TEA TIME OVEN GLOVE,2
13798,541864,DOORMAT RED RETROSPOT,2
13798,552450,TEA TIME OVEN GLOVE,2
13798,562722,DOORMAT RED RETROSPOT,2
13798,570115,COOK WITH WINE METAL SIGN,2
13798,541864,JUMBO BAG STRAWBERRY,2
13798,551726,PLEASE ONE PERSON METAL SIGN,2
13798,571299,JUMBO  BAG BAROQUE BLACK WHITE,2
13798,541864,YOU'RE CONFUSING ME METAL SIGN,2
13798,546326,LADIES & GENTLEMEN METAL SIGN,2
13798,549628,BLACK SMALL GLASS CAKE STAND,2
13798,546326,DOORMAT FAIRY CAKE,2
13798,552450,SCANDINAVIAN PAISLEY PICNIC BAG,2
13798,559204,JUMBO BAG STRAWBERRY,2
13798,545030,LUNCH BAG RED RETROSPOT,2
13798,553099,RED RETROSPOT PICNIC BAG,2
13798,557470,PINK DOUGHNUT TRINKET POT,2
13798,554815,RED HANGING HEART T-LIGHT HOLDER,2
13798,574485,SWEETHEART CERAMIC TRINKET BOX,2
13798,559204,COOK WITH WINE METAL SIGN,2
13798,562722,RED RETROSPOT PICNIC BAG,2
13798,550457,BLACK WINE GLASS,2
13798,556461,RED RETROSPOT CHARLOTTE BAG,2
13798,581432,PINK BLUE FELT CRAFT TRINKET BOX,2
13798,545030,STRAWBERRY CHARLOTTE BAG,2
13798,545888,STRAWBERRY CERAMIC TRINKET BOX,2
13798,549619,RED RETROSPOT OVEN GLOVE,2
13798,545030,YOU'RE CONFUSING ME METAL SIGN,2
13798,538353,RED HANGING HEART T-LIGHT HOLDER,2
13798,550457,PARTY FOOD SHOPPER BAG,2
13874,539314,ENAMEL FLOWER JUG CREAM,0
13874,539314,FINE WICKER HEART,0
13874,539314,WHITE BROCANTE SOAP DISH,0
13874,539314,RECYCLING BAG RETROSPOT,0
13874,539314,METAL 4 HOOK HANGER FRENCH CHATEAU,0
13874,539314,SMALL HEART FLOWERS HOOK,0
13874,539314,FOUR HOOK  WHITE LOVEBIRDS,0
13874,539314,NATURAL SLATE HEART CHALKBOARD,0
13874,539314,CREAM CUPID HEARTS COAT HANGER,0
13874,539314,LAVENDER SCENTED FABRIC HEART,0
13874,539314,WHITE HANGING HEART T-LIGHT HOLDER,0
13874,539314,HANGING HEART MIRROR DECORATION,0
13874,539314,ENAMEL BREAD BIN CREAM,0
13874,539314,PICNIC BASKET WICKER LARGE,0
13874,539314,ENCHANTED BIRD COATHANGER 5 HOOK,0
13874,539314,CREAM WALL PLANTER HEART SHAPED,0
13874,539314,ZINC METAL HEART DECORATION,0
13874,539314,IVORY EMBROIDERED QUILT,0
14194,543251,JUMBO SHOPPER VINTAGE RED PAISLEY,3
14194,557326,60 TEATIME FAIRY CAKE CASES,3
14194,564510,SET 8 CANDLES VINTAGE DOILY,3
14194,543251,GREEN REGENCY TEACUP AND SAUCER,3
14194,557326,SPOTTY BUNTING,3
14194,576597,MUSICAL ZINC HEART DECORATION,3
14194,576597,WALL ART CAT AND BIRD,3
14194,577633,VINTAGE UNION JACK MEMOBOARD,3
14194,580595,PLEASE ONE PERSON METAL SIGN,3
14194,580595,SET 6 PAPER TABLE LANTERN STARS,3
14194,570492,72 SWEETHEART FAIRY CAKE CASES,3
14194,553159,TOILET SIGN OCCUPIED OR VACANT,3
14194,553159,CHILDRENS CUTLERY CIRCUS PARADE,3
14194,568162,JUMBO BAG VINTAGE DOILY,3
14194,577633,JUMBO SHOPPER VINTAGE RED PAISLEY,3
14194,577633,REGENCY TEAPOT ROSES,3
14194,577633,RED DINER WALL CLOCK,3
14194,546986,NATURAL SLATE HEART CHALKBOARD,3
14194,563550,SET 6 PAPER TABLE LANTERN STARS,3
14194,557326,WOODEN CROQUET GARDEN SET,3
14194,564510,SET/4 BIRD MIRROR MAGNETS,3
14194,573287,PARTY BUNTING,3
14194,554906,OVAL WALL MIRROR DIAMANTE,3
14194,563550,ANTIQUE IVORY WIRE BOWL SMALL,3
14194,554906,LUNCH BAG CARS BLUE,3
14194,546988,RECIPE BOX PANTRY YELLOW DESIGN,3
14194,561098,RED RETROSPOT BUTTER DISH,3
14194,580595,BLUE HARMONICA IN BOX,3
14194,543251,TEA BAG PLATE RED RETROSPOT,3
14194,573287,PACK OF 60 DINOSAUR CAKE CASES,3
14194,546986,JUMBO STORAGE BAG SKULLS,3
14194,561098,SMALL GLASS HEART TRINKET POT,3
14194,564510,WOOD STAMP SET THANK YOU,3
14194,573287,RED KUKUI COCONUT SEED NECKLACE,3
14194,573287,FRENCH TOILET SIGN BLUE METAL,3
14194,570492,PLEASE ONE PERSON METAL SIGN,3
14194,561098,LIGHT GARLAND BUTTERFILES PINK,3
14194,561098,NATURAL SLATE HEART CHALKBOARD,3
14194,543251,BLUE HARMONICA IN BOX,3
14194,546986,HANGING SPRING FLOWER EGG SMALL,3
14194,554906,REGENCY CAKE FORK,3
14194,576597,FOLKART STAR CHRISTMAS DECORATIONS,3
14194,576597,KNITTED UNION FLAG HOT WATER BOTTLE,3
14194,546986,WHITE HANGING HEART T-LIGHT HOLDER,3
14194,568162,72 SWEETHEART FAIRY CAKE CASES,3
14194,553158,SET OF 3 CAKE TINS SKETCHBOOK,3
14194,554906,REGENCY TEA STRAINER,3
14194,570492,PANTRY SCRUBBING BRUSH,3
14194,546986,JUMBO BAG OWLS,3
14194,546986,LIGHT GARLAND BUTTERFILES PINK,3
14194,554906,ZINC T-LIGHT HOLDER STAR LARGE,3
14194,563550,RED  HARMONICA IN BOX,3
14194,564510,WOOD STAMP SET HAPPY BIRTHDAY,3
14194,570492,FELTCRAFT GIRL NICOLE KIT,3
14194,576597,6 RIBBONS ELEGANT CHRISTMAS,3
14194,561098,LUNCH BAG VINTAGE LEAF DESIGN,3
14194,564510,BLOSSOM  IMAGES NOTEBOOK SET,3
14194,566597,GEORGIAN TRINKET BOX,3
14194,566597,JUMBO  BAG BAROQUE BLACK WHITE,3
14194,546988,ASSORTED COLOUR BIRD ORNAMENT,3
14194,553159,TRIPLE HOOK ANTIQUE IVORY ROSE,3
14194,554906,DOORMAT KEEP CALM AND COME IN,3
14194,566597,ROSES REGENCY TEACUP AND SAUCER,3
14194,580595,JUMBO STORAGE BAG SUKI,3
14194,580595,ALARM CLOCK BAKELIKE RED,3
14194,553158,RECYCLED ACAPULCO MAT TURQUOISE,3
14194,554906,WOODEN ROUNDERS GARDEN SET,3
14194,568162,PARTY BUNTING,3
14194,568162,ALARM CLOCK BAKELIKE RED,3
14194,570492,ALARM CLOCK BAKELIKE GREEN,3
14194,543251,WOODEN OWLS LIGHT GARLAND,3
14194,546988,RECYCLED ACAPULCO MAT TURQUOISE,3
14194,568162,SET OF 6 SPICE TINS PANTRY DESIGN,3
14194,553158,STRAWBERRY CERAMIC TRINKET BOX,3
14194,563550,SPOTTY BUNTING,3
14194,564510,PINK STITCHED WALL CLOCK,3
14194,553158,SET OF SALT AND PEPPER TOADSTOOLS,3
14194,553158,ASSORTED COLOUR BIRD ORNAMENT,3
14194,577633,JUMBO BAG APPLES,3
14194,563550,ROUND CAKE TIN VINTAGE GREEN,3
14194,568162,HANGING HEART JAR T-LIGHT HOLDER,3
14194,554906,COLOUR GLASS. STAR T-LIGHT HOLDER,3
14194,561098,"DIAMANTE HEART SHAPED WALL MIRROR,",3
14194,561098,LARGE CERAMIC TOP STORAGE JAR,3
14194,573287,JUMBO BAG STRAWBERRY,3
14194,577633,WOOD STAMP SET THANK YOU,3
14194,553158,CHILDRENS CUTLERY RETROSPOT RED,3
14194,553158,RETROSPOT TEA SET CERAMIC 11 PC,3
14194,554906,PACK OF 60 DINOSAUR CAKE CASES,3
14194,573287,ALARM CLOCK BAKELIKE GREEN,3
14194,573288,WOODEN ADVENT CALENDAR RED,3
14194,576597,LANDMARK FRAME COVENT GARDEN,3
14194,543251,RED RETROSPOT ROUND CAKE TINS,3
14194,553158,PLEASE ONE PERSON METAL SIGN,3
14194,563550,PACK OF 72 RETROSPOT CAKE CASES,3
14194,564510,ROLL WRAP VINTAGE SPOT,3
14194,564510,CLASSIC FRENCH STYLE BASKET BROWN,3
14194,576597,TRADITIONAL CHRISTMAS RIBBONS,3
14194,577633,RETROSPOT LARGE MILK JUG,3
14194,546986,SET OF 3 CAKE TINS SKETCHBOOK,3
14194,546986,GYMKHANA TREASURE BOOK BOX,3
14194,564510,SET 6 SCHOOL MILK BOTTLES IN CRATE,3
14194,568162,STRAWBERRY CERAMIC TRINKET BOX,3
14194,568162,VICTORIAN GLASS HANGING T-LIGHT,3
14194,570492,GARDENERS KNEELING PAD KEEP CALM,3
14194,577633,IVORY SWEETHEART SOAP DISH,3
14194,546988,BISCUIT TIN VINTAGE RED,3
14194,543251,LUNCH BAG SUKI  DESIGN,3
14194,563550,VICTORIAN GLASS HANGING T-LIGHT,3
14194,566597,BUNDLE OF 3 ALPHABET EXERCISE BOOKS,3
14194,553160,MEDIUM CERAMIC TOP STORAGE JAR,3
14194,563550,LUNCH BAG SUKI DESIGN,3
14194,564510,RED POLKADOT BEAKER,3
14194,570492,RETROSPOT TEA SET CERAMIC 11 PC,3
14194,573287,ROUND CAKE TIN VINTAGE GREEN,3
14194,546986,72 SWEETHEART FAIRY CAKE CASES,3
14194,546986,FELTCRAFT GIRL NICOLE KIT,3
14194,546986,EASTER BUNNY GARLAND OF FLOWERS,3
14194,568162,WOODEN OWLS LIGHT GARLAND,3
14194,576597,WALL ART TREASURE AHOY,3
14194,553159,SINGLE ANTIQUE ROSE HOOK IVORY,3
14194,554906,REGENCY TEAPOT ROSES,3
14194,554906,BUNDLE OF 3 ALPHABET EXERCISE BOOKS,3
14194,554906,ALARM CLOCK BAKELIKE IVORY,3
14194,557327,SET OF 3 REGENCY CAKE TINS,3
14194,573287,ANTIQUE SILVER T-LIGHT GLASS,3
14194,553159,FRENCH KITCHEN SIGN BLUE METAL,3
14194,573287,VINTAGE SNAKES & LADDERS,3
14194,573287,60 TEATIME FAIRY CAKE CASES,3
14194,576597,GARLAND WITH STARS AND BELLS,3
14194,561098,VICTORIAN GLASS HANGING T-LIGHT,3
14194,573287,SMALL GLASS HEART TRINKET POT,3
14194,576597,AGED GLASS SILVER T-LIGHT HOLDER,3
14194,576597,RETROSPOT HEART HOT WATER BOTTLE,3
14194,546986,JUMBO BAG STRAWBERRY,3
14194,554906,RED  HARMONICA IN BOX,3
14194,561098,JUMBO BAG RED RETROSPOT,3
14194,566597,REGENCY TEAPOT ROSES,3
14194,570492,JUMBO SHOPPER VINTAGE RED PAISLEY,3
14194,576597,GOLD MUG BONE CHINA TREE OF LIFE,3
14194,576597,HOT WATER BOTTLE KEEP CALM,3
14194,576597,TRADITIONAL NAUGHTS & CROSSES,3
14194,546986,PLEASE ONE PERSON METAL SIGN,3
14194,573287,RETROSPOT TEA SET CERAMIC 11 PC,3
14194,557326,RECYCLED ACAPULCO MAT RED,3
14194,566597,LANTERN CREAM GAZEBO,3
14194,543251,CHOCOLATE HOT WATER BOTTLE,3
14194,546986,PACK OF 12 HEARTS DESIGN TISSUES,3
14194,553158,CHILLI LIGHTS,3
14194,557326,ALARM CLOCK BAKELIKE RED,3
14194,557327,SET OF TEA COFFEE SUGAR TINS PANTRY,3
14194,576597,HOT WATER BOTTLE TEA AND SYMPATHY,3
14194,543251,BABUSHKA LIGHTS STRING OF 10,3
14194,566597,SET OF TEA COFFEE SUGAR TINS PANTRY,3
14194,576597,SET OF 6 RIBBONS VINTAGE CHRISTMAS,3
14194,577633,FELTCRAFT GIRL AMELIE KIT,3
14194,553158,BLUE DINER WALL CLOCK,3
14194,573287,RED HANGING HEART T-LIGHT HOLDER,3
14194,553158,PAPER BUNTING RETROSPOT,3
14194,553158,VICTORIAN GLASS HANGING T-LIGHT,3
14194,564510,CHARLIE AND LOLA FIGURES TINS,3
14194,573287,SET OF 3 BUTTERFLY COOKIE CUTTERS,3
14194,554906,LANTERN CREAM GAZEBO,3
14194,568162,ALARM CLOCK BAKELIKE GREEN,3
14194,580595,VICTORIAN GLASS HANGING T-LIGHT,3
14194,566597,CHARLOTTE BAG VINTAGE ALPHABET,3
14194,573287,SET OF SALT AND PEPPER TOADSTOOLS,3
14194,577633,ALARM CLOCK BAKELIKE IVORY,3
14194,546988,JAM MAKING SET PRINTED,3
14194,570492,SET 6 PAPER TABLE LANTERN STARS,3
14194,554906,REGENCY SUGAR TONGS,3
14194,561098,HANGING HEART JAR T-LIGHT HOLDER,3
14194,543251,ROUND CAKE TIN VINTAGE GREEN,3
14194,553158,WOODEN OWLS LIGHT GARLAND,3
14194,554906,TRAVEL CARD WALLET UNION JACK,3
14194,554906,REGENCY CAKE SLICE,3
14194,554906,LUNCH BAG SUKI DESIGN,3
14194,546986,STRAWBERRY CERAMIC TRINKET BOX,3
14194,546986,BUFFALO BILL TREASURE BOOK BOX,3
14194,553159,CHARLOTTE BAG APPLES DESIGN,3
14194,564510,EMPIRE TISSUE BOX,3
14194,573287,PAPER BUNTING RETROSPOT,3
14194,557326,JUMBO STORAGE BAG SUKI,3
14194,561098,VICTORIAN SEWING BOX SMALL,3
14194,564510,PINK PAISLEY SQUARE TISSUE BOX,3
14194,570492,SET OF 6 SPICE TINS PANTRY DESIGN,3
14194,573287,JUMBO STORAGE BAG SKULLS,3
14194,577633,SPOTTY BUNTING,3
14194,566597,NATURAL SLATE HEART CHALKBOARD,3
14194,573287,ASSORTED COLOUR BIRD ORNAMENT,3
14194,577633,WHITE TRAVEL ALARM CLOCK,3
14194,553158,WHITE WIRE EGG HOLDER,3
14194,553158,JAM JAR WITH GREEN LID,3
14194,561098,SET OF SALT AND PEPPER TOADSTOOLS,3
14194,543251,PACK OF 6 BIRDY GIFT TAGS,3
14194,568162,JUMBO BAG APPLES,3
14194,570493,DOORMAT KEEP CALM AND COME IN,3
14194,577633,CHILDRENS CUTLERY DOLLY GIRL,3
14194,543251,RETRO COFFEE MUGS ASSORTED,3
14194,546986,HANGING SPRING FLOWER EGG LARGE,3
14194,553159,CHARLOTTE BAG VINTAGE ALPHABET,3
14194,554906,CLASSIC CAFE SUGAR DISPENSER,3
14194,576597,WALL ART BICYCLE SAFETY,3
14194,577633,STRAWBERRY CERAMIC TRINKET POT,3
14194,580595,PLAYING CARDS JUBILEE UNION JACK,3
14194,577633,LIGHT GARLAND BUTTERFILES PINK,3
14194,577633,LUNCH BAG VINTAGE LEAF DESIGN,3
14194,546988,JAM MAKING SET WITH JARS,3
14194,553158,PAPER CHAIN KIT RETROSPOT,3
14194,554906,TEA BAG PLATE RED RETROSPOT,3
14194,557326,VICTORIAN GLASS HANGING T-LIGHT,3
14194,573287,LUNCH BAG CARS BLUE,3
14194,563550,FELTCRAFT GIRL NICOLE KIT,3
14194,546986,UNION JACK FLAG LUGGAGE TAG,3
14194,561098,JUMBO BAG DOILEY PATTERNS,3
14194,568162,LUNCH BAG VINTAGE LEAF DESIGN,3
14194,570492,REGENCY CAKESTAND 3 TIER,3
14194,577633,RETROSPOT TEA SET CERAMIC 11 PC,3
14194,557326,NO SINGING METAL SIGN,3
14194,573287,VICTORIAN SEWING BOX SMALL,3
14194,576597,CHOCOLATE HOT WATER BOTTLE,3
14194,546986,LADIES & GENTLEMEN METAL SIGN,3
14194,577633,REGENCY SUGAR BOWL GREEN,3
14194,580595,WALL ART KEEP CALM,3
14194,577633,IVORY DINER WALL CLOCK,3
14194,580595,JUMBO BAG ALPHABET,3
14194,546986,VICTORIAN SEWING BOX SMALL,3
14194,573287,LADIES & GENTLEMEN METAL SIGN,3
14194,576597,T-LIGHT GLASS FLUTED ANTIQUE,3
14194,543251,PACK OF 72 RETROSPOT CAKE CASES,3
14194,557326,JUMBO SHOPPER VINTAGE RED PAISLEY,3
14194,553159,WAKE UP COCKEREL CALENDAR SIGN,3
14194,563550,RED TOADSTOOL LED NIGHT LIGHT,3
14194,570492,DOORMAT KEEP CALM AND COME IN,3
14194,576597,CHICK GREY HOT WATER BOTTLE,3
14194,553158,HANGING METAL STAR LANTERN,3
14194,553159,FRENCH WC SIGN BLUE METAL,3
14194,554906,SET OF 10 LED DOLLY LIGHTS,3
14194,563550,RED RETROSPOT BUTTER DISH,3
14194,568162,60 TEATIME FAIRY CAKE CASES,3
14194,576597,CHRISTMAS HANGING STAR WITH BELL,3
14194,570492,LUNCH BAG APPLE DESIGN,3
14194,577633,REGENCY CAKESTAND 3 TIER,3
14194,576597,GREY HEART HOT WATER BOTTLE,3
14194,580595,VICTORIAN SEWING BOX SMALL,3
14194,573287,GINGERBREAD MAN COOKIE CUTTER,3
14194,564510,IVORY REFECTORY CLOCK,3
14194,546986,RED RETROSPOT MUG,3
14194,557326,JUMBO BAG ALPHABET,3
14194,580595,LUNCH BAG SUKI DESIGN,3
14194,553159,RECYCLED ACAPULCO MAT BLUE,3
14194,563550,CHILDRENS CUTLERY DOLLY GIRL,3
14194,546986,PANTRY SCRUBBING BRUSH,3
14194,546986,TOILET SIGN OCCUPIED OR VACANT,3
14194,561098,JUMBO SHOPPER VINTAGE RED PAISLEY,3
14194,563550,WOOD BLACK BOARD ANT WHITE FINISH,3
14194,570492,STRAWBERRY CERAMIC TRINKET BOX,3
14194,554906,72 SWEETHEART FAIRY CAKE CASES,3
14194,577633,ASSORTED COLOUR BIRD ORNAMENT,3
14194,546986,VICTORIAN GLASS HANGING T-LIGHT,3
14194,546988,SET OF 6 SPICE TINS PANTRY DESIGN,3
14194,561098,WOODEN OWLS LIGHT GARLAND,3
14194,546986,RETROSPOT TEA SET CERAMIC 11 PC,3
14194,570492,HANGING HEART JAR T-LIGHT HOLDER,3
14194,576597,WRAP KEEP CALM BIRTHDAY,3
14194,546988,JAM JAR WITH GREEN LID,3
14194,553159,LUNCH BAG APPLE DESIGN,3
14194,564510,HOT WATER BOTTLE KEEP CALM,3
14194,564510,WRAP PAISLEY PARK,3
14194,564510,VINTAGE PAISLEY STATIONERY SET,3
14194,576597,SCOTTIE DOG HOT WATER BOTTLE,3
14194,543251,RED RETROSPOT STORAGE JAR,3
14194,546986,PACK OF 60 DINOSAUR CAKE CASES,3
14194,554906,JUMBO BAG RED RETROSPOT,3
14194,554906,BLUE SAVANNAH PICNIC HAMPER FOR 2,3
14194,573287,REGENCY CAKESTAND 3 TIER,3
14194,543251,WHITE HANGING HEART T-LIGHT HOLDER,3
14194,546988,PARTY BUNTING,3
14194,554906,REGENCY TEA PLATE ROSES,3
14194,568162,LARGE CERAMIC TOP STORAGE JAR,3
14194,570492,ALARM CLOCK BAKELIKE RED,3
14194,573287,GIN + TONIC DIET METAL SIGN,3
14194,576597,HOT WATER BOTTLE I AM SO POORLY,3
14194,576597,LANDMARK FRAME NOTTING HILL,3
14194,553160,SMALL CERAMIC TOP STORAGE JAR,3
14194,573287,RETROSPOT LARGE MILK JUG,3
14194,576597,WALL ART ONLY ONE PERSON,3
14194,554906,TRAVEL CARD WALLET RETRO PETALS,3
14194,566597,IVORY KITCHEN SCALES,3
14194,568162,SET OF 3 REGENCY CAKE TINS,3
14194,563550,VINTAGE UNION JACK BUNTING,3
14194,577633,MEDIUM CERAMIC TOP STORAGE JAR,3
14194,546988,BLUE DINER WALL CLOCK,3
14194,566597,CHARLOTTE BAG APPLES DESIGN,3
14194,566597,LUNCH BAG PINK POLKADOT,3
14194,568162,LIGHT GARLAND BUTTERFILES PINK,3
14194,546986,HANGING HEART JAR T-LIGHT HOLDER,3
14194,563550,JUMBO STORAGE BAG SUKI,3
14194,563550,JUMBO BAG OWLS,3
14194,568162,SPOTTY BUNTING,3
14194,566597,SET OF 4 KNICK KNACK TINS DOILY,3
14194,568162,SET OF 4 KNICK KNACK TINS DOILY,3
14194,573287,JUMBO BAG OWLS,3
14194,576597,COLOUR GLASS. STAR T-LIGHT HOLDER,3
14194,577633,SET OF 4 PANTRY JELLY MOULDS,3
14194,577633,CHILLI LIGHTS,3
14194,580595,ORIGAMI ROSE INCENSE/CANDLE SET,3
14194,543251,JUMBO BAG RED RETROSPOT,3
14194,553158,JUMBO SHOPPER VINTAGE RED PAISLEY,3
14194,563550,PANTRY SCRUBBING BRUSH,3
14194,564510,PACK OF 12 HEARTS DESIGN TISSUES,3
14194,568162,JUMBO SHOPPER VINTAGE RED PAISLEY,3
14194,576597,VINTAGE CHRISTMAS BUNTING,3
14194,568162,FELTCRAFT GIRL NICOLE KIT,3
14194,570492,JUMBO BAG ALPHABET,3
14194,564510,SET/6 COLLAGE PAPER PLATES,3
14194,573287,CLASSIC CAFE SUGAR DISPENSER,3
14194,553158,ALARM CLOCK BAKELIKE RED,3
14194,577633,RED RETROSPOT SMALL MILK JUG,3
14194,566597,JAM MAKING SET PRINTED,3
14194,570492,JUMBO BAG SCANDINAVIAN BLUE PAISLEY,3
14194,577633,VICTORIAN SEWING BOX SMALL,3
14194,557326,GARDENERS KNEELING PAD KEEP CALM,3
14194,561098,BLUE DINER WALL CLOCK,3
14194,568162,SET OF SALT AND PEPPER TOADSTOOLS,3
14194,557327,SET OF 4 KNICK KNACK TINS DOILEY,3
14194,563550,GEORGIAN TRINKET BOX,3
14194,568162,PAPER BUNTING RETROSPOT,3
14194,573288,FELTCRAFT GIRL AMELIE KIT,3
14194,543251,JUMBO STORAGE BAG SUKI,3
14194,546986,RED  HARMONICA IN BOX,3
14194,554906,ROUND PINK HEART MIRROR,3
14194,554906,TRAVEL CARD WALLET KEEP CALM,3
14194,561098,LUNCH BAG ALPHABET DESIGN,3
14194,580595,ALARM CLOCK BAKELIKE GREEN,3
14194,561098,LUNCH BAG APPLE DESIGN,3
14194,577633,SET 6 PAPER TABLE LANTERN STARS,3
14194,546988,JAM JAR WITH PINK LID,3
14194,553158,HANGING HEART JAR T-LIGHT HOLDER,3
14194,553159,CHILDRENS CUTLERY DOLLY GIRL,3
14194,564510,SWALLOW SQUARE TISSUE BOX,3
14194,570492,PARTY BUNTING,3
14194,563550,LUNCH BAG CARS BLUE,3
14194,576597,ADVENT CALENDAR GINGHAM SACK,3
14194,577633,TEA BAG PLATE RED RETROSPOT,3
14194,543251,PLEASE ONE PERSON METAL SIGN,3
14194,546986,GIN + TONIC DIET METAL SIGN,3
14194,553160,JUMBO BAG DOILEY PATTERNS,3
14194,568162,GARDENERS KNEELING PAD KEEP CALM,3
14194,573287,HANGING METAL STAR LANTERN,3
14194,553158,DOORMAT RED RETROSPOT,3
14194,557326,STRAWBERRY CERAMIC TRINKET BOX,3
14194,576597,LANDMARK FRAME CAMDEN TOWN,3
14194,553158,VICTORIAN SEWING BOX SMALL,3
14194,553159,IVORY SWEETHEART SOAP DISH,3
14194,554906,LUNCH BAG PINK POLKADOT,3
14194,566597,SMALL CERAMIC TOP STORAGE JAR,3
14194,568162,GIN + TONIC DIET METAL SIGN,3
14194,568162,SMALL GLASS HEART TRINKET POT,3
14194,576597,PAPER CHAIN KIT 50'S CHRISTMAS,3
14194,546988,SET OF 3 HEART COOKIE CUTTERS,3
14194,553160,LARGE CERAMIC TOP STORAGE JAR,3
14194,557326,WOODEN OWLS LIGHT GARLAND,3
14194,577633,REGENCY TEA PLATE ROSES,3
14194,564510,MOTORING TISSUE BOX,3
14194,570492,VICTORIAN GLASS HANGING T-LIGHT,3
14194,573287,RED  HARMONICA IN BOX,3
14194,573288,MAGNETS PACK OF 4 HOME SWEET HOME,3
14194,573288,PIGGY BANK RETROSPOT,3
14194,577633,BUNDLE OF 3 ALPHABET EXERCISE BOOKS,3
14194,564510,RED PUDDING SPOON,3
14194,577633,RED RETROSPOT SUGAR JAM BOWL,3
14194,546988,RECYCLED ACAPULCO MAT RED,3
14194,553159,SMALL GLASS HEART TRINKET POT,3
14194,573287,PANTRY SCRUBBING BRUSH,3
14194,546986,SET OF 20 KIDS COOKIE CUTTERS,3
14194,568162,WHITE WIRE EGG HOLDER,3
14194,564510,MAGNETS PACK OF 4 SWALLOWS,3
14194,566597,SET OF 4 PANTRY JELLY MOULDS,3
14194,568162,SET OF TEA COFFEE SUGAR TINS PANTRY,3
14194,570492,VINTAGE UNION JACK BUNTING,3
14194,570492,LUNCH BAG VINTAGE LEAF DESIGN,3
14194,573287,RED RETROSPOT MUG,3
14194,573288,ROCOCO WALL MIRROR WHITE,3
14194,546986,TRAVEL CARD WALLET KEEP CALM,3
14194,561098,VINTAGE UNION JACK MEMOBOARD,3
14194,573287,REGENCY TEAPOT ROSES,3
14194,580595,GARDENERS KNEELING PAD KEEP CALM,3
14194,580595,VINTAGE DOILY DELUXE SEWING KIT,3
14194,553159,LUNCH BAG ALPHABET DESIGN,3
14194,554906,IVORY KITCHEN SCALES,3
14194,573287,JAM JAR WITH PINK LID,3
14194,546988,GINGERBREAD MAN COOKIE CUTTER,3
14194,577633,VINTAGE SNAKES & LADDERS,3
14194,564510,FRENCH STYLE STORAGE JAR CAFE,3
14194,564510,12 PENCILS TALL TUBE POSY,3
14194,573287,LANTERN CREAM GAZEBO,3
14194,577633,ROUND CAKE TIN VINTAGE GREEN,3
14194,568162,RED  HARMONICA IN BOX,3
14194,577633,ALARM CLOCK BAKELIKE CHOCOLATE,3
14194,554906,GARDENERS KNEELING PAD KEEP CALM,3
14194,576597,3 RAFFIA RIBBONS 50'S CHRISTMAS,3
14194,573287,LIGHT GARLAND BUTTERFILES PINK,3
14194,580595,SET OF 3 CAKE TINS PANTRY DESIGN,3
14194,553158,PARTY BUNTING,3
14194,564510,DAIRY MAID STRIPE MUG,3
14194,576597,LOVE HOT WATER BOTTLE,3
14194,580595,HOT WATER BOTTLE KEEP CALM,3
14194,543251,ROUND CAKE TIN VINTAGE RED,3
14194,554906,REGENCY SUGAR BOWL GREEN,3
14194,564510,ORIGAMI ROSE INCENSE/CANDLE SET,3
14194,553159,JUMBO BAG APPLES,3
14194,564510,DANISH ROSE PHOTO FRAME,3
14194,573287,LUNCH BAG SUKI DESIGN,3
14194,543251,LIGHT GARLAND BUTTERFILES PINK,3
14194,568162,LUNCH BAG APPLE DESIGN,3
14194,553159,FRENCH GARDEN SIGN BLUE METAL,3
14194,573287,SPOTTY BUNTING,3
14194,573288,VINTAGE DOILY DELUXE SEWING KIT,3
14194,576597,CARD CHRISTMAS VILLAGE,3
14194,546986,RED TOADSTOOL LED NIGHT LIGHT,3
14194,564510,SCANDINAVIAN PAISLEY PICNIC BAG,3
14194,577633,WOODEN OWLS LIGHT GARLAND,3
14194,557327,DOILEY BISCUIT TIN,3
14194,546986,RETROSPOT CANDLE  SMALL,3
14194,553159,FRENCH TOILET SIGN BLUE METAL,3
14194,576597,WALL ART DOG AND BALL,3
14194,576597,WALL ART KEEP CALM,3
14194,553158,I CAN ONLY PLEASE ONE PERSON MUG,3
14194,553159,ANTIQUE IVORY WIRE BOWL SMALL,3
14194,554906,MIRRORED DOVE WALL DECORATION,3
14194,563550,TRIPLE HOOK ANTIQUE IVORY ROSE,3
14194,553159,GEORGIAN TRINKET BOX,3
14194,554906,CHILDREN'S APRON DOLLY GIRL,3
14194,564510,MAGNETS PACK OF 4 VINTAGE COLLAGE,3
14194,561098,JUMBO BAG SCANDINAVIAN BLUE PAISLEY,3
14194,564510,MAGNETS PACK OF 4 VINTAGE LABELS,3
14194,568162,JUMBO BAG SCANDINAVIAN BLUE PAISLEY,3
14194,568162,JUMBO BAG ALPHABET,3
14194,573287,BLOSSOM  IMAGES NOTEBOOK SET,3
14194,553158,RED RETROSPOT CAKE STAND,3
14194,564510,METAL SIGN EMPIRE TEA,3
14194,561098,PAPER BUNTING RETROSPOT,3
14194,563550,WOODEN OWLS LIGHT GARLAND,3
14194,570492,VICTORIAN SEWING BOX SMALL,3
14194,573287,SET OF 60 VINTAGE LEAF CAKE CASES,3
14194,564510,MIDNIGHT GLAMOUR SCARF KNITTING KIT,3
14194,570492,LUNCH BAG SUKI DESIGN,3
14194,577633,JUMBO BAG PAISLEY PARK,3
14194,557326,RED RETROSPOT BUTTER DISH,3
14194,546986,PARTY BUNTING,3
14194,553158,RETRO COFFEE MUGS ASSORTED,3
14194,580595,JUMBO BAG OWLS,3
14194,554906,SET 6 PAPER TABLE LANTERN STARS,3
14194,554906,PINK FAIRY CAKE CHILDRENS APRON,3
14194,563550,ASSORTED COLOUR BIRD ORNAMENT,3
14194,577633,BREAD BIN DINER STYLE RED,3
14194,546986,VINTAGE RED MUG,3
14194,554906,REGENCY MILK JUG PINK,3
14194,557326,VINTAGE RED MUG,3
14194,573287,REGENCY TEA STRAINER,3
14194,577633,LUNCH BAG PINK POLKADOT,3
14194,546988,ALARM CLOCK BAKELIKE GREEN,3
14194,553159,JUMBO BAG ALPHABET,3
14194,561098,REGENCY CAKESTAND 3 TIER,3
14194,573287,RED RETROSPOT SMALL MILK JUG,3
14194,543251,SET OF SALT AND PEPPER TOADSTOOLS,3
14194,564510,CHARLIE & LOLA WASTEPAPER BIN FLORA,3
14194,570492,JUMBO BAG RED RETROSPOT,3
14194,553158,LIGHT GARLAND BUTTERFILES PINK,3
14194,553160,SPOTTY BUNTING,3
14194,564510,RED REFECTORY CLOCK,3
14194,577633,SMALL CERAMIC TOP STORAGE JAR,3
14194,580595,JUMBO BAG RED RETROSPOT,3
14194,576597,SET 12 VINTAGE DOILY CHALK,3
14194,546986,BULL DOG BOTTLE TOP WALL CLOCK,3
14194,553158,SET OF 6 SPICE TINS PANTRY DESIGN,3
14194,557326,PARTY BUNTING,3
14194,576597,CARD MOTORBIKE SANTA,3
14194,576597,RIBBON REEL CHRISTMAS PRESENT,3
14194,553159,PARTY BUNTING,3
14194,564510,GINGHAM HEART DECORATION,3
14194,543251,PINK REGENCY TEACUP AND SAUCER,3
14194,553158,RED HANGING HEART T-LIGHT HOLDER,3
14194,557326,REGENCY TEAPOT ROSES,3
14194,568162,PLEASE ONE PERSON METAL SIGN,3
14194,563550,RETROSPOT TEA SET CERAMIC 11 PC,3
14194,573287,SET 6 SCHOOL MILK BOTTLES IN CRATE,3
14194,546988,ALARM CLOCK BAKELIKE RED,3
14194,568162,JUMBO BAG RED RETROSPOT,3
14194,573287,ALARM CLOCK BAKELIKE RED,3
14194,576597,CHRISTMAS MUSICAL ZINC STAR,3
14194,561098,IVORY SWEETHEART SOAP DISH,3
14194,563550,ALARM CLOCK BAKELIKE GREEN,3
14194,566597,COLOUR GLASS. STAR T-LIGHT HOLDER,3
14194,546986,WOOD BLACK BOARD ANT WHITE FINISH,3
14194,557326,ALARM CLOCK BAKELIKE GREEN,3
14194,566597,SET OF 3 REGENCY CAKE TINS,3
14194,576597,WALL ART STOP FOR TEA,3
14194,546986,JUMBO BAG SCANDINAVIAN BLUE PAISLEY,3
14194,543251,RED RETROSPOT CAKE STAND,3
14194,543251,VICTORIAN SEWING BOX SMALL,3
14194,546986,JUMBO  BAG BAROQUE BLACK WHITE,3
14194,580595,JUMBO BAG VINTAGE DOILY,3
14194,563550,BLUE HARMONICA IN BOX,3
14194,563550,TEA BAG PLATE RED RETROSPOT,3
14194,568162,JUMBO STORAGE BAG SUKI,3
14194,570492,RED RETROSPOT BUTTER DISH,3
14194,580595,PLAYING CARDS KEEP CALM & CARRY ON,3
14194,557326,JUMBO BAG SCANDINAVIAN BLUE PAISLEY,3
14194,563550,SET OF 10 LED DOLLY LIGHTS,3
14194,568162,JUMBO BAG OWLS,3
14194,573287,LUNCH BAG ALPHABET DESIGN,3
14194,546988,BISCUIT TIN VINTAGE GREEN,3
14194,577633,BUFFALO BILL TREASURE BOOK BOX,3
14194,546986,WOODEN OWLS LIGHT GARLAND,3
14194,546986,60 TEATIME FAIRY CAKE CASES,3
14194,554906,REGENCY TEA SPOON,3
14194,568162,RED RETROSPOT BUTTER DISH,3
14194,546988,SET OF 3 BUTTERFLY COOKIE CUTTERS,3
14194,553158,RED RETROSPOT SMALL MILK JUG,3
14194,557326,JUMBO BAG DOILEY PATTERNS,3
14194,561098,LANTERN CREAM GAZEBO,3
14194,561098,SPOTTY BUNTING,3
14194,564510,RED KUKUI COCONUT SEED NECKLACE,3
14194,577633,RED TOADSTOOL LED NIGHT LIGHT,3
14194,573287,GINGHAM HEART DECORATION,3
14194,577633,SMALL GLASS HEART TRINKET POT,3
14194,577633,SET OF 6 SPICE TINS PANTRY DESIGN,3
14194,543251,REGENCY CAKESTAND 3 TIER,3
14194,546986,TRAVEL CARD WALLET VINTAGE TICKET,3
14194,553158,PACK OF 72 RETROSPOT CAKE CASES,3
14194,564510,MULTICOLOUR SPRING FLOWER MUG,3
14194,573287,WOODEN OWLS LIGHT GARLAND,3
14194,553158,WHITE HANGING HEART T-LIGHT HOLDER,3
14194,553158,RED RETROSPOT BUTTER DISH,3
14194,568162,SET 6 PAPER TABLE LANTERN STARS,3
14194,570492,SET OF SALT AND PEPPER TOADSTOOLS,3
14194,553158,REGENCY CAKESTAND 3 TIER,3
14194,564510,VINTAGE LEAF MAGNETIC NOTEPAD,3
14194,576597,4 LAVENDER BOTANICAL DINNER CANDLES,3
14194,577633,GARDENERS KNEELING PAD KEEP CALM,3
14194,553159,LUNCH BAG VINTAGE LEAF DESIGN,3
14194,564510,COLOURING PENCILS BROWN TUBE,3
14194,573288,JUMBO BAG PAISLEY PARK,3
14194,543251,JUMBO BAG CHARLIE AND LOLA TOYS,3
14194,543251,I CAN ONLY PLEASE ONE PERSON MUG,3
14194,570492,PAPER BUNTING RETROSPOT,3
14194,570492,WOODEN OWLS LIGHT GARLAND,3
14194,573287,TEA BAG PLATE RED RETROSPOT,3
14194,573288,DOORMAT HEARTS,3
14194,576597,RIBBON REEL SNOWY VILLAGE,3
14194,577633,RED RETRO KITCHEN WALL CLOCK,3
14194,554906,HOMEMADE JAM SCENTED CANDLES,3
14194,566597,ALARM CLOCK BAKELIKE IVORY,3
14194,546986,RED RETROSPOT CAKE STAND,3
14194,577633,SET 10 NIGHT OWL LIGHTS,3
14194,543251,RED RETROSPOT BUTTER DISH,3
14194,546986,WOODEN SCHOOL COLOURING SET,3
14194,576597,GLASS STAR FROSTED T-LIGHT HOLDER,3
14194,564510,BLUE PAISLEY TISSUE BOX,3
14194,573287,BLUE HARMONICA IN BOX,3
14194,546986,SMALL GLASS HEART TRINKET POT,3
14194,573287,ROLL WRAP VINTAGE SPOT,3
14194,573288,BOTANICAL GARDENS WALL CLOCK,3
14194,543251,SET OF 3 CAKE TINS PANTRY DESIGN,3
14194,561098,GARDENERS KNEELING PAD KEEP CALM,3
14194,576597,SILVER MUG BONE CHINA TREE OF LIFE,3
14194,577633,BLUE HARMONICA IN BOX,3
14194,543251,ROSES REGENCY TEACUP AND SAUCER,3
14194,546986,ANTIQUE SILVER TEA GLASS ETCHED,3
14194,553158,VINTAGE UNION JACK BUNTING,3
14194,563550,CHILDRENS CUTLERY CIRCUS PARADE,3
14194,564510,SET OF 60 VINTAGE LEAF CAKE CASES,3
14194,573288,VINTAGE DOILY JUMBO BAG RED,3
14194,563550,JUMBO BAG VINTAGE DOILY,3
14194,570492,JUMBO BAG VINTAGE DOILY,3
14194,577633,REGENCY MILK JUG PINK,3
14194,580595,GREY HEART HOT WATER BOTTLE,3
14447,577600,RED FLORAL FELTCRAFT SHOULDER BAG,0
14447,572033,FELTCRAFT PRINCESS LOLA DOLL,0
14447,572033,ROUND SNACK BOXES SET OF4 WOODLAND,0
14447,572033,EGG CUP MILKMAID HEIDI,0
14447,545596,EASTER DECORATION EGG BUNNY,0
14447,545596,BLUE 3 PIECE POLKADOT CUTLERY SET,0
14447,572033,CHILDRENS CUTLERY CIRCUS PARADE,0
14447,577600,LUNCH BAG DOLLY GIRL DESIGN,0
14447,554948,FELTCRAFT CUSHION BUTTERFLY,0
14447,572033,LUNCH BAG PINK POLKADOT,0
14447,577600,POPPY'S PLAYHOUSE BATHROOM,0
14447,577600,POPPY'S PLAYHOUSE KITCHEN,0
14447,554948,WATERING CAN GREEN DINOSAUR,0
14447,577600,PICTURE DOMINOES,0
14447,572033,CHILDRENS CUTLERY SPACEBOY,0
14447,545596,HANGING CHICK CREAM DECORATION,0
14447,545596,GREEN 3 PIECE POLKADOT CUTLERY SET,0
14447,545596,LUNCH BAG SUKI  DESIGN,0
14447,554948,FELTCRAFT PRINCESS LOLA DOLL,0
14447,554948,VINTAGE SNAP CARDS,0
14447,577600,CHILDRENS CUTLERY SPACEBOY,0
14447,577600,POPPY'S PLAYHOUSE BEDROOM,0
14447,554948,BAKING SET 9 PIECE RETROSPOT,0
14447,545596,EASTER CRAFT 4 CHICKS,0
14447,545596,DECORATION  PINK CHICK MAGIC GARDEN,0
14447,554948,POPPY'S PLAYHOUSE BEDROOM,0
14447,554948,PINK CREAM FELT CRAFT TRINKET BOX,0
14447,545596,RED 3 PIECE RETROSPOT CUTLERY SET,0
14447,545596,PLASTERS IN TIN SPACEBOY,0
14447,554948,LUNCH BAG DOILEY PATTERN,0
14447,572033,LUNCH BAG SPACEBOY DESIGN,0
14447,554948,CHILDRENS CUTLERY RETROSPOT RED,0
14447,545596,RED FLORAL FELTCRAFT SHOULDER BAG,0
14447,545596,LUNCH BAG CARS BLUE,0
14447,554948,FELTCRAFT PRINCESS CHARLOTTE DOLL,0
14447,572033,FELTCRAFT PRINCESS CHARLOTTE DOLL,0
14447,572034,BOX OF 6 CHRISTMAS CAKE DECORATIONS,0
14447,554948,LUNCH BAG SUKI DESIGN,0
14447,545596,CREAM FELT EASTER EGG BASKET,0
14447,554948,WATERING CAN PINK BUNNY,0
14447,545596,DOORMAT RESPECTABLE HOUSE,0
14447,554948,FELTCRAFT PRINCESS OLIVIA DOLL,0
14447,577600,CHILDRENS CUTLERY POLKADOT PINK,0
14447,554948,LUNCH BAG CARS BLUE,0
14447,577600,LUNCH BAG VINTAGE DOILY,0
14447,545596,PINK FLORAL FELTCRAFT SHOULDER BAG,0
14447,577600,CHILDRENS CUTLERY DOLLY GIRL,0
14447,572034,RED RETROSPOT CHARLOTTE BAG,0
14447,554948,POPPY'S PLAYHOUSE KITCHEN,0
14447,554948,LUNCH BAG WOODLAND,0
14447,572033,FELTCRAFT PRINCESS OLIVIA DOLL,0
14447,572033,CHILDRENS CUTLERY POLKADOT PINK,0
14447,572033,PINK BLUE FELT CRAFT TRINKET BOX,0
14447,554948,CHILDRENS CUTLERY POLKADOT GREEN,0
14447,554948,FELTCRAFT CUSHION RABBIT,0
14447,545596,PLASTERS IN TIN VINTAGE PAISLEY,0
14447,554948,CHILDRENS CUTLERY POLKADOT BLUE,0
14447,577600,LUNCH BAG PAISLEY PARK,0
14447,577600,BLUE HARMONICA IN BOX,0
14447,577600,LUNCH BAG CARS BLUE,0
14447,554948,CARD PSYCHEDELIC APPLES,0
14447,572033,CHARLOTTE BAG VINTAGE ALPHABET,0
14447,572033,EGG CUP MILKMAID HELGA,0
14447,554948,CARD PARTY GAMES,0
14447,554948,WATERING CAN BLUE ELEPHANT,0
14447,572033,SET OF 6 RIBBONS VINTAGE CHRISTMAS,0
14447,554948,HOMEMADE JAM SCENTED CANDLES,0
14447,554948,FELTCRAFT BUTTERFLY HEARTS,0
14447,572033,CHILDRENS CUTLERY DOLLY GIRL,0
14447,577600,HOME SWEET HOME BOTTLE,0
14528,574084,T-LIGHT HOLDER HANGING LOVE BIRD,0
14528,574084,ANTIQUE SILVER T-LIGHT GLASS,0
14528,574084,ZINC METAL HEART DECORATION,0
14528,574084,RED STAR CARD HOLDER,0
14528,574084,ANTIQUE SILVER TEA GLASS ENGRAVED,0
14528,574084,CLASSIC CHROME BICYCLE BELL,0
14528,574084,VINTAGE GLASS T-LIGHT HOLDER,0
14528,574084,MINI LIGHTS WOODLAND MUSHROOMS,0
14528,574084,GARDENERS KNEELING PAD CUP OF TEA,0
14528,574084,PACK OF SIX LED TEA LIGHTS,0
14528,574084,WOODEN STAR CHRISTMAS SCANDINAVIAN,0
14528,574084,ASSORTED COLOUR BIRD ORNAMENT,0
14528,574084,ZINC WILLIE WINKIE  CANDLE STICK,0
14528,574084,GREEN CHRISTMAS TREE CARD HOLDER,0
14528,574084,CHRISTMAS LIGHTS 10 REINDEER,0
14528,574084,WOODEN TREE CHRISTMAS SCANDINAVIAN,0
14528,574084,GARDENERS KNEELING PAD KEEP CALM,0
14528,574084,WOODEN HEART CHRISTMAS SCANDINAVIAN,0
14597,579145,PHOTO CUBE,0
14597,579145,KITTY PENCIL ERASERS,0
14597,579145,RETRO MOD TRAY,0
14597,579145,HEART OF WICKER SMALL,0
14597,579145,AGED GLASS SILVER T-LIGHT HOLDER,0
14597,579145,REVOLVER WOODEN RULER,0
14597,579145,SET OF 20 VINTAGE CHRISTMAS NAPKINS,0
14597,579145,WATERING CAN GARDEN MARKER,0
14597,579145,SLEEPING CAT ERASERS,0
14597,579145,SNACK TRAY HAPPY FOREST,0
14597,579145,GREEN FERN JOURNAL,0
14597,579145,SKULLS SQUARE TISSUE BOX,0
14597,579145,VINTAGE GLASS T-LIGHT HOLDER,0
14597,579145,SET 2 TEA TOWELS I LOVE LONDON,0
14597,579145,SET OF 4 KNICK KNACK TINS LONDON,0
14597,579145,CHRISTMAS TOILET ROLL,0
14597,579145,SET OF 6 RIBBONS VINTAGE CHRISTMAS,0
14597,555232,TRADITIONAL WOODEN SKIPPING ROPE,0
14597,579145,PACK OF 20 NAPKINS PANTRY DESIGN,0
14597,579145,BUNDLE OF 3 ALPHABET EXERCISE BOOKS,0
14597,555232,CERAMIC STRAWBERRY CAKE MONEY BANK,0
14597,579145,SMALL WHITE HEART OF WICKER,0
14597,579145,ANTIQUE ALL GLASS CANDLESTICK,0
14597,579145,SWALLOWS GREETING CARD,0
14597,555232,TRADITIONAL WOODEN CATCH CUP GAME,0
14597,579145,PARTY TIME PENCIL ERASERS,0
14597,579145,SCANDINAVIAN PAISLEY PICNIC BAG,0
14597,579145,JUMBO BAG WOODLAND ANIMALS,0
14597,579145,JUMBO STORAGE BAG SKULLS,0
14597,579145,LOVE HEART TRINKET POT,0
14597,579145,SCANDINAVIAN PAISLEY PICNIC BAG,0
14597,579145,EMBOSSED GLASS TEALIGHT HOLDER,0
14597,579145,FLUTED ANTIQUE CANDLE HOLDER,0
14597,579145,SILVER GLITTER FLOWER VOTIVE HOLDER,0
14597,579145,T-LIGHT GLASS FLUTED ANTIQUE,0
14597,579145,DECORATIVE WICKER HEART LARGE,0
14597,579145,FAIRY CAKE FLANNEL ASSORTED COLOUR,0
14597,579145,FAIRY CAKE FLANNEL ASSORTED COLOUR,0
14597,579145,GARDENERS KNEELING PAD KEEP CALM,0
14597,579145,SNACK TRAY I LOVE LONDON,0
14597,579145,SET/5 RED RETROSPOT LID GLASS BOWLS,0
14597,579145,3D VINTAGE CHRISTMAS STICKERS,0
14597,579145,BLACK SQUARE TABLE CLOCK,0
14597,579145,KINGS CHOICE MUG,0
14597,579145,POPCORN HOLDER,0
14597,579145,GARDENERS KNEELING PAD CUP OF TEA,0
14597,579145,PINK VINTAGE PAISLEY PICNIC BAG,0
14984,556465,SET OF 3 WOODEN SLEIGH DECORATIONS,0
14984,577540,WOODEN FRAME ANTIQUE WHITE,0
14984,577540,SMALL IVORY HEART WALL ORGANISER,0
14984,556465,WHITE ROCKING HORSE HAND PAINTED,0
14984,556465,SET OF 3 WOODEN STOCKING DECORATION,0
14984,556465,DOORMAT HEARTS,0
14984,577540,RED RETROSPOT TISSUE BOX,0
14984,556465,LE GRAND TRAY CHIC SET,0
14984,577540,VINTAGE CHRISTMAS GIFT SACK,0
14984,577540,SET/6 RED SPOTTY PAPER PLATES,0
14984,577540,SET/20 RED RETROSPOT PAPER NAPKINS,0
14984,577540,DOORMAT ENGLISH ROSE,0
14984,577540,POSTE FRANCE CUSHION COVER,0
14984,577540,"CHRISTMAS GARLAND STARS,TREES",0
14984,577540,JAZZ HEARTS ADDRESS BOOK,0
14984,556465,WHITE WIRE EGG HOLDER,0
14984,577540,TUSCAN VILLA BIRD FEEDER,0
14984,556465,ZINC FOLKART SLEIGH BELLS,0
14984,556465,WHITE WOOD GARDEN PLANT LADDER,0
14984,577540,SET/10 RED POLKADOT PARTY CANDLES,0
14984,556465,SET OF 3 WOODEN TREE DECORATIONS,0
14984,556465,SET OF 2 CERAMIC PAINTED HEARTS,0
14984,556465,SET OF 2 TINS JARDIN DE PROVENCE,0
14984,556465,SET OF 3 WOODEN HEART DECORATIONS,0
14984,556465,"TRAY, BREAKFAST IN BED",0
14984,577540,DOORMAT HEARTS,0
14984,577540,WHITE CHRISTMAS GARLAND STARS TREES,0
14984,577540,DOORMAT BLACK FLOCK,0
14984,577540,SMALL ZINC HEART WALL ORGANISER,0
14984,577540,SET/6 RED SPOTTY PAPER CUPS,0
14984,556465,SUNSET CHECK HAMMOCK,0
14984,577540,BELLE JARDINIERE CUSHION COVER,0
14984,577540,SET OF 4 SANTA PLACE SETTINGS,0
14984,577540,PORCELAIN T-LIGHT HOLDERS ASSORTED,0
14984,577540,POPCORN HOLDER,0
14984,556465,NATURAL SLATE HEART CHALKBOARD,0
14984,556465,DOORMAT ENGLISH ROSE,0
14984,577540,PARTY INVITES JAZZ HEARTS,0
14984,577540,DOORMAT TOPIARY,0
15334,557296,VICTORIAN GLASS HANGING T-LIGHT,0
15334,558459,FOLKART ZINC HEART CHRISTMAS DEC,0
15334,558459,STRAWBERRY CERAMIC TRINKET BOX,0
15334,559107,SET/3 RED GINGHAM ROSE STORAGE BOX,0
15334,557296,SMALL WHITE HEART OF WICKER,0
15334,558459,STRAWBERRY CHARLOTTE BAG,0
15334,557296,PACK OF 20 NAPKINS PANTRY DESIGN,0
15334,558459,VICTORIAN GLASS HANGING T-LIGHT,0
15334,558459,NATURAL SLATE HEART CHALKBOARD,0
15334,558459,PACK OF 12 LONDON TISSUES,0
15334,558459,SWEETHEART CERAMIC TRINKET BOX,0
15334,557296,SCANDINAVIAN PAISLEY PICNIC BAG,0
15334,558459,CHARLOTTE BAG DOLLY GIRL DESIGN,0
15334,559107,CHARLIE & LOLA WASTEPAPER BIN FLORA,0
15334,557296,PACK OF 60 PINK PAISLEY CAKE CASES,0
15334,557296,PARTY BUNTING,0
15334,558459,CHARLOTTE BAG PINK POLKADOT,0
15334,559107,HEART DECORATION PAINTED ZINC,0
15334,559107,RED RETROSPOT CHARLOTTE BAG,0
15334,558459,DOORSTOP RETROSPOT HEART,0
15334,559107,PACK OF 60 DINOSAUR CAKE CASES,0
15334,559107,PINK PAISLEY SQUARE TISSUE BOX,0
15334,559107,PINK CREAM FELT CRAFT TRINKET BOX,0
15334,557296,36 PENCILS TUBE WOODLAND,0
15334,557296,LARGE WHITE HEART OF WICKER,0
15334,557296,SAVE THE PLANET COTTON TOTE BAG,0
15334,557296,12 PENCIL SMALL TUBE WOODLAND,0
15334,558459,STRAWBERRY RAFFIA FOOD COVER,0
15334,558459,HEART DECORATION PAINTED ZINC,0
15334,559107,REX CASH+CARRY JUMBO SHOPPER,0
15334,557296,200 RED + WHITE BENDY STRAWS,0
15334,559107,GARAGE KEY FOB,0
15334,559107,CHARLOTTE BAG VINTAGE ALPHABET,0
15334,557296,PHOTO FRAME 3 CLASSIC HANGING,0
15334,557296,DOORSTOP RETROSPOT HEART,0
15334,559107,NATURAL SLATE RECTANGLE CHALKBOARD,0
15334,557296,GARDENERS KNEELING PAD CUP OF TEA,0
15334,559107,FELTCRAFT BUTTERFLY HEARTS,0
15334,558459,PACK OF 72 SKULL CAKE CASES,0
15334,559107,PACK OF 72 RETROSPOT CAKE CASES,0
15334,557296,PACK OF 72 SKULL CAKE CASES,0
15334,559107,PINK BLUE FELT CRAFT TRINKET BOX,0
15334,559107,SANDALWOOD FAN,0
15334,559107,FOLKART ZINC HEART CHRISTMAS DEC,0
15334,559107,PACK OF 60 PINK PAISLEY CAKE CASES,0
15334,557296,HANGING HEART JAR T-LIGHT HOLDER,0
15334,559107,Manual,0
15334,557296,PINK VINTAGE PAISLEY PICNIC BAG,0
15334,557296,PACK OF 72 RETROSPOT CAKE CASES,0
15334,558459,CERAMIC BOWL WITH LOVE HEART DESIGN,0
15334,559107,SCANDINAVIAN PAISLEY PICNIC BAG,0
15334,559107,PINK VINTAGE PAISLEY PICNIC BAG,0
15334,558459,PACK OF 60 DINOSAUR CAKE CASES,0
15334,558459,JUMBO BAG CHARLIE AND LOLA TOYS,0
15334,559107,WOODLAND CHARLOTTE BAG,0
15334,558459,JUMBO STORAGE BAG SUKI,0
15334,558459,LARGE WHITE HEART OF WICKER,0
15334,557296,60 CAKE CASES DOLLY GIRL DESIGN,0
15334,558459,WOODLAND CHARLOTTE BAG,0
15334,557296,RED RETROSPOT CHARLOTTE BAG,0
15334,558459,PAPER BUNTING VINTAGE PAISLEY,0
15334,558459,SCANDINAVIAN PAISLEY PICNIC BAG,0
15334,559107,SET OF 60 I LOVE LONDON CAKE CASES,0
15334,558459,CHARLOTTE BAG SUKI DESIGN,0
15334,557296,CHARLOTTE BAG SUKI DESIGN,0
15334,558459,BAKING SET 9 PIECE RETROSPOT,0
15334,557296,SET OF 60 PANTRY DESIGN CAKE CASES,0
15334,557296,GARDENERS KNEELING PAD KEEP CALM,0
15334,559107,"KEY FOB , SHED",0
15334,557296,SET OF 60 I LOVE LONDON CAKE CASES,0
15334,559107,72 SWEETHEART FAIRY CAKE CASES,0
15334,558459,6 RIBBONS RUSTIC CHARM,0
15334,558459,CHARLOTTE BAG SUKI DESIGN,0
15334,557296,PACK OF 60 DINOSAUR CAKE CASES,0
15334,559107,HEART OF WICKER LARGE,0
15334,558459,LOVE HEART TRINKET POT,0
15334,558459,PACK OF 72 RETROSPOT CAKE CASES,0
15334,557296,KNEELING MAT HOUSEWORK  DESIGN,0
15334,559107,ZINC HERB GARDEN CONTAINER,0
15334,559107,PACK OF 72 RETROSPOT CAKE CASES,0
15334,559107,12 PENCIL SMALL TUBE WOODLAND,0
15334,557296,CHARLOTTE BAG VINTAGE ALPHABET,0
15334,557296,BUNDLE OF 3 ALPHABET EXERCISE BOOKS,0
15334,557296,6 RIBBONS RUSTIC CHARM,0
15334,558459,NATURAL SLATE RECTANGLE CHALKBOARD,0
15334,559107,FOUR HOOK  WHITE LOVEBIRDS,0
15334,559107,CHARLOTTE BAG DOLLY GIRL DESIGN,0
15334,558459,CHARLOTTE BAG VINTAGE ALPHABET,0
15334,559107,RIBBON REEL STRIPES DESIGN,0
15334,558459,RED RETROSPOT CHARLOTTE BAG,0
15334,559107,RED CHARLIE+LOLA PERSONAL DOORSIGN,0
15334,559107,CHARLOTTE BAG APPLES DESIGN,0
15334,559107,SMALL WHITE HEART OF WICKER,0
15334,559107,LOVE HEART TRINKET POT,0
15334,558459,RED TEA TOWEL CLASSIC DESIGN,0
15334,559107,STRAWBERRY CERAMIC TRINKET BOX,0
15334,558459,PAPER CHAIN KIT 50'S CHRISTMAS,0
15334,559107,STRAWBERRY CHARLOTTE BAG,0
15346,540779,TRADITIONAL WOODEN CATCH CUP GAME,0
15346,540779,RETROSPOT HEART HOT WATER BOTTLE,0
15346,540779,PACK OF 12 COLOURED PENCILS,0
15346,540779,RECIPE BOX PANTRY YELLOW DESIGN,0
15346,540779,BAG 125g SWIRLY MARBLES,0
15346,540779,NATURAL SLATE HEART CHALKBOARD,0
15346,540779,TRADITIONAL KNITTING NANCY,0
15346,540779,TRADITIONAL WOODEN SKIPPING ROPE,0
15346,540779,TRAVEL SEWING KIT,0
15346,540779,ANT WHITE WIRE HEART SPIRAL,0
15346,540779,FELTCRAFT 6 FLOWER FRIENDS,0
15346,540779,LOVE BUILDING BLOCK WORD,0
15346,540779,SET OF 3 CAKE TINS PANTRY DESIGN,0
15346,540779,SMALL GLASS HEART TRINKET POT,0
15346,540779,SET OF 4 NAPKIN CHARMS HEARTS,0
15346,540779,PACK OF 12 TRADITIONAL CRAYONS,0
15346,540779,SET OF 6 SPICE TINS PANTRY DESIGN,0
15598,571511,JUMBO BAG RED RETROSPOT,0
15598,571511,HEART OF WICKER LARGE,0
15598,571511,WOODEN STAR CHRISTMAS SCANDINAVIAN,0
15598,571511,IVORY KITCHEN SCALES,0
15598,571511,WOODEN HEART CHRISTMAS SCANDINAVIAN,0
15598,571511,JINGLE BELL HEART ANTIQUE SILVER,0
15598,571511,IVORY WICKER HEART LARGE,0
15598,571511,MULTI COLOUR SILVER T-LIGHT HOLDER,0
15598,571511,SMALL HAMMERED SILVER CANDLEPOT,0
15598,571511,WHITE HANGING HEART T-LIGHT HOLDER,0
15598,571511,ANTIQUE SILVER T-LIGHT GLASS,0
15598,571511,CHILLI LIGHTS,0
15598,571511,SET/5 RED RETROSPOT LID GLASS BOWLS,0
15598,571511,ZINC METAL HEART DECORATION,0
15645,577695,DAIRY MAID TRADITIONAL TEAPOT,0
15645,577695,RED RETRO KITCHEN WALL CLOCK,0
15645,577695,SCANDINAVIAN PAISLEY PICNIC BAG,0
15645,577695,PINK/GREEN FLOWER DESIGN BIG MUG,0
15645,577695,YELLOW/PINK FLOWER DESIGN BIG MUG,0
15645,577695,CHRISTMAS TREE STAR DECORATION,0
15645,577695,WHITE WICKER STAR,0
15645,577695,ANGEL DECORATION 3 BUTTONS,0
15645,577695,TEA FOR ONE POLKADOT,0
15645,577695,RED HANGING HEART T-LIGHT HOLDER,0
15645,577695,REX CASH+CARRY JUMBO SHOPPER,0
15645,577695,BLUE RETRO KITCHEN WALL CLOCK,0
15645,577695,LARGE WHITE HEART OF WICKER,0
15645,577695,WHITE HANGING HEART T-LIGHT HOLDER,0
15645,577695,SET OF 3 WOODEN STOCKING DECORATION,0
15645,577695,WALL ART VILLAGE SHOW,0
15645,577695,WHITE CHRISTMAS GARLAND STARS TREES,0
15645,577695,SMALL WHITE HEART OF WICKER,0
15645,577695,CARD HOLDER LOVE BIRD LARGE,0
15645,577695,PACK OF 12 PINK POLKADOT TISSUES,0
15645,577695,FILIGRIS HEART WITH BUTTERFLY,0
15645,577695,IVORY WICKER HEART SMALL,0
15645,577695,IVORY RETRO KITCHEN WALL CLOCK,0
15645,577695,WALL ART BICYCLE SAFETY,0
15645,577695,IVORY WICKER HEART SMALL,0
15645,577695,CHOCOLATE HOT WATER BOTTLE,0
15645,577695,HOT WATER BOTTLE I AM SO POORLY,0
15645,577695,DAIRY MAID LARGE MILK JUG,0
15645,577695,Manual,0
15645,577695,RETROSPOT HEART HOT WATER BOTTLE,0
15645,577695,SCOTTIE DOG HOT WATER BOTTLE,0
15645,577695,CHRISTMAS TREE HEART DECORATION,0
15645,577695,HANGING METAL STAR LANTERN,0
15645,577695,PINK VINTAGE PAISLEY PICNIC BAG,0
15645,577695,BLUE/YELLOW FLOWER DESIGN BIG MUG,0
15645,577695,DAIRY MAID LARGE MILK JUG,0
15645,577695,PORCELAIN T-LIGHT HOLDERS ASSORTED,0
15645,577695,CARD HOLDER LOVE BIRD SMALL,0
15645,577695,DAIRY MAID TOASTRACK,0
15645,577695,RED SPOT GIFT BAG LARGE,0
15645,577695,LANTERN CREAM GAZEBO,0
15645,577695,HEART SHAPED HOLLY WREATH,0
15645,577695,DECORATIVE WICKER HEART SMALL,0
15645,577695,WALL ART DOG LICENCE,0
15645,577695,HEART OF WICKER LARGE,0
15645,577695,CARDHOLDER GINGHAM STAR,0
15645,577695,PACK OF 12 BLUE PAISLEY TISSUES,0
15645,577695,WICKER STAR,0
15645,577695,HOT WATER BOTTLE KEEP CALM,0
15645,577695,ANGEL DECORATION STARS ON DRESS,0
15645,577695,COLOURED GLASS STAR T-LIGHT HOLDER,0
15645,577695,STAR DECORATION RUSTIC,0
15789,539262,TRADITIONAL WOODEN SKIPPING ROPE,0
15789,539262,DANISH ROSE PHOTO FRAME,0
15789,539262,HAND WARMER BABUSHKA DESIGN,0
15789,539262,WALL TIDY RETROSPOT,0
15789,539262,"BLACK TEA,COFFEE,SUGAR JARS",0
15789,539262,RATTLE SNAKE EGGS,0
15789,539262,MR ROBOT SOFT TOY,0
15789,539262,POLKADOT COFFEE CUP & SAUCER PINK,0
15789,539262,MINI PAINT SET VINTAGE,0
15789,539262,COLOURING PENCILS BROWN TUBE,0
15789,539262,SET OF 4 BLACK LOVEBIRD COASTERS,0
15789,539262,IF YOU CAN'T STAND THE HEAT MUG,0
15789,539262,MRS ROBOT SOFT TOY,0
15789,539262,GINGHAM BABUSHKA DOORSTOP,0
15789,539262,WOODEN BOX OF DOMINOES,0
15789,539262,VINTAGE SNAP CARDS,0
15789,539262,RED GINGHAM ROSE JEWELLERY BOX,0
15789,539262,SET OF 4 PISTACHIO LOVEBIRD COASTER,0
15789,539262,BOTTLE BAG RETROSPOT,0
15789,539262,"WHITE TEA,COFFEE,SUGAR JARS",0
15789,539262,DANISH ROSE DELUXE COASTER,0
15789,539262,DANISH ROSE ROUND SEWING BOX,0
15789,539262,BAG 125g SWIRLY MARBLES,0
15789,539262,PEG BAG APPLES DESIGN,0
15789,539262,POTTERING MUG,0
16103,550765,RECYCLED ACAPULCO MAT PINK,0
16103,555626,FRENCH BLUE METAL DOOR SIGN 7,0
16103,567614,PHOTO FRAME CORNICE,0
16103,558959,WHITE CANDYSTUFT ARTIFICIAL FLOWER,0
16103,567614,PORCELAIN T-LIGHT HOLDERS ASSORTED,0
16103,550765,PHOTO FRAME CORNICE,0
16103,550765,PAPER BUNTING WHITE LACE,0
16103,551185,RECYCLED ACAPULCO MAT TURQUOISE,0
16103,550765,RECYCLED ACAPULCO MAT GREEN,0
16103,555626,PICTURE FRAME WOOD TRIPLE PORTRAIT,0
16103,550765,RECYCLED ACAPULCO MAT LAVENDER,0
16103,555626,RECYCLED ACAPULCO MAT TURQUOISE,0
16103,558959,RECYCLED ACAPULCO MAT BLUE,0
16103,567614,FRENCH BLUE METAL DOOR SIGN 2,0
16103,550765,RECYCLED ACAPULCO MAT TURQUOISE,0
16103,558959,RECYCLED ACAPULCO MAT TURQUOISE,0
16103,555626,FRENCH BLUE METAL DOOR SIGN 4,0
16103,550765,RIDGED GLASS FINGER BOWL,0
16103,555626,WHITE HANGING HEART T-LIGHT HOLDER,0
16103,550765,RECYCLED ACAPULCO MAT BLUE,0
16103,567614,SPOTTED WHITE NATURAL SEED NECKLACE,0
16103,558959,YULETIDE IMAGES GIFT WRAP SET,0
16103,567614,FRENCH BLUE METAL DOOR SIGN 1,0
16103,567614,WHITE WICKER STAR,0
16103,555626,FRENCH BLUE METAL DOOR SIGN 5,0
16103,551185,RECYCLED ACAPULCO MAT BLUE,0
16103,550765,FRENCH BLUE METAL DOOR SIGN 2,0
16103,555626,TRIPLE PHOTO FRAME CORNICE,0
16103,551185,RECYCLED ACAPULCO MAT RED,0
16103,551185,RECYCLED ACAPULCO MAT PINK,0
16103,555626,CREAM HEART CARD HOLDER,0
16103,567614,BROWN KUKUI COCONUT SEED NECKLACE,0
16103,550765,TUMBLER NEW ENGLAND,0
16103,558959,PHOTO FRAME CORNICE,0
16103,558959,RIDGED GLASS FINGER BOWL,0
16103,558959,LARGE ANTIQUE WHITE PHOTO FRAME,0
16103,567614,HANGING CLEAR MINI BOTTLE,0
16103,555626,FRENCH BLUE METAL DOOR SIGN 8,0
16103,555626,FRENCH BLUE METAL DOOR SIGN 1,0
16103,555626,LARGE ANTIQUE WHITE PHOTO FRAME,0
16103,555626,RECYCLED ACAPULCO MAT BLUE,0
16103,555626,LARGE ZINC GLASS CANDLEHOLDER,0
16103,551185,RECYCLED ACAPULCO MAT LAVENDER,0
16103,551185,RECYCLED ACAPULCO MAT GREEN,0
16103,580302,RECYCLED ACAPULCO MAT TURQUOISE,0
16103,558959,RECYCLED ACAPULCO MAT GREEN,0
16103,567614,FRENCH BLUE METAL DOOR SIGN 3,0
16103,567614,LARGE ANTIQUE WHITE PHOTO FRAME,0
16250,536388,HOME SMALL WOOD LETTERS,0
16250,536388,FIVE HEART HANGING DECORATION,0
16250,547535,SWEETHEART CERAMIC TRINKET BOX,0
16250,547535,LOVE BUILDING BLOCK WORD,0
16250,536388,HEART OF WICKER SMALL,0
16250,536388,LOVE BUILDING BLOCK WORD,0
16250,536388,GINGHAM HEART  DOORSTOP RED,0
16250,536388,HANGING METAL HEART LANTERN,0
16250,536388,ASSORTED BOTTLE TOP  MAGNETS,0
16250,536388,5 HOOK HANGER MAGIC TOADSTOOL,0
16250,536388,FRIDGE MAGNETS US DINER ASSORTED,0
16250,547535,RECIPE BOX PANTRY YELLOW DESIGN,0
16250,536388,HOMEMADE JAM SCENTED CANDLES,0
16250,547535,GINGHAM HEART DECORATION,0
16250,547535,RED RETROSPOT PEG BAG,0
16250,547535,MOTHER'S KITCHEN SPOON REST,0
16250,536388,DOORMAT FANCY FONT HOME SWEET HOME,0
16250,536388,FRIDGE MAGNETS LES ENFANTS ASSORTED,0
16250,536388,HOME BUILDING BLOCK WORD,0
16250,547535,HANGING FAIRY CAKE DECORATION,0
16250,547535,WOODLAND CHARLOTTE BAG,0
16250,547535,HOME BUILDING BLOCK WORD,0
16250,536388,ROSE CARAVAN DOORSTOP,0
16250,547535,HANGING HEART MIRROR DECORATION,0
16889,549546,VINTAGE SNAKES & LADDERS,0
16889,549546,WOODEN SCHOOL COLOURING SET,0
16889,549546,CUPCAKE LACE PAPER SET 6,0
16889,549546,BLUE POLKADOT BOWL,0
16889,549546,RED RETROSPOT PICNIC BAG,0
16889,554978,CLASSIC CAFE SUGAR DISPENSER,0
16889,549546,20 DOLLY PEGS RETROSPOT,0
16889,549546,PACK OF 12 PINK POLKADOT TISSUES,0
16889,554978,SPACEBOY GIFT WRAP,0
16889,549546,KNITTED UNION FLAG HOT WATER BOTTLE,0
16889,540415,CUSHION COVER PINK UNION JACK,0
16889,540415,WRAP RED APPLES,0
16889,540415,CHARLOTTE BAG PINK POLKADOT,0
16889,540415,ALARM CLOCK BAKELIKE GREEN,0
16889,549546,SMALL POPCORN HOLDER,0
16889,549546,GIRLS VINTAGE TIN SEASIDE BUCKET,0
16889,540415,WOODEN HEART CHRISTMAS SCANDINAVIAN,0
16889,540415,PAPER BUNTING RETROSPOT,0
16889,549546,36 PENCILS TUBE RED RETROSPOT,0
16889,549546,CHILDS BREAKFAST SET SPACEBOY,0
16889,549546,PAPER BUNTING VINTAGE PAISLEY,0
16889,554978,BLUE POLKADOT CUP,0
16889,549546,BOX OF VINTAGE ALPHABET BLOCKS,0
16889,549546,HOLIDAY FUN LUDO,0
16889,540415,PACK OF 72 RETROSPOT CAKE CASES,0
16889,549546,PANTRY WASHING UP BRUSH,0
16889,540415,RETROSPOT HEART HOT WATER BOTTLE,0
16889,549546,RECYCLING BAG RETROSPOT,0
16889,549546,FLYING PIG WATERING CAN,0
16889,549546,PANTRY SCRUBBING BRUSH,0
16889,554978,GARDENERS KNEELING PAD CUP OF TEA,0
16889,540415,EAU DE NILE JEWELLED T-LIGHT HOLDER,0
16889,554978,CHILDRENS CUTLERY DOLLY GIRL,0
16889,540415,EAU DE NILE HEART SHAPE PHOTO FRAME,0
16889,549546,WOODEN ROUNDERS GARDEN SET,0
16889,549546,ALARM CLOCK BAKELIKE CHOCOLATE,0
16889,540415,REX CASH+CARRY JUMBO SHOPPER,0
16889,540415,REX CASH+CARRY JUMBO SHOPPER,0
16889,549546,WATERING CAN GREEN DINOSAUR,0
16889,549546,REGENCY CAKESTAND 3 TIER,0
16889,554978,SET/6 RED SPOTTY PAPER PLATES,0
16889,540415,RED KITCHEN SCALES,0
16889,554978,RECYCLED ACAPULCO MAT TURQUOISE,0
16889,540415,REGENCY CAKESTAND 3 TIER,0
16889,540415,PACK OF 20 NAPKINS PANTRY DESIGN,0
16889,540415,GLASS CHALICE BLUE SMALL,0
16889,540415,72 SWEETHEART FAIRY CAKE CASES,0
16889,554978,ALARM CLOCK BAKELIKE RED,0
16889,540415,GLASS  BEURRE DISH,0
16889,554978,FOOD COVER WITH BEADS SET 2,0
16889,540415,IVORY KITCHEN SCALES,0
16889,549546,PACK OF 12 PINK PAISLEY TISSUES,0
16889,540415,ALARM CLOCK BAKELIKE PINK,0
16889,540415,ALARM CLOCK BAKELIKE CHOCOLATE,0
16889,540415,PACK OF 6 BIRDY GIFT TAGS,0
16889,554978,SET/20 RED RETROSPOT PAPER NAPKINS,0
16889,549546,PINK POLKADOT BOWL,0
16889,549546,BOYS VINTAGE TIN SEASIDE BUCKET,0
16889,554978,CHILDS BREAKFAST SET SPACEBOY,0
16889,549546,RECIPE BOX PANTRY YELLOW DESIGN,0
16889,554978,RECIPE BOX BLUE SKETCHBOOK DESIGN,0
16889,549546,ENAMEL MEASURING JUG CREAM,0
16889,554978,SET/6 RED SPOTTY PAPER CUPS,0
16889,549546,ALARM CLOCK BAKELIKE ORANGE,0
16889,540415,PACK OF 12 COLOURED PENCILS,0
16889,549546,WATERING CAN BLUE ELEPHANT,0
16889,549546,VINTAGE SEASIDE JIGSAW PUZZLES,0
16889,549546,ENAMEL BREAD BIN CREAM,0
16889,540415,RED RETROSPOT CAKE STAND,0
16889,549546,DOORMAT UNION FLAG,0
16889,540415,WOODEN SCHOOL COLOURING SET,0
16889,554978,PINK  POLKADOT CUP,0
16889,540415,WRAP GREEN PEARS,0
16889,549546,CARAVAN SQUARE TISSUE BOX,0
16889,554978,WRAP DOILEY DESIGN,0
16889,540415,ALARM CLOCK BAKELIKE RED,0
16889,540415,PINK HEART SHAPE PHOTO FRAME,0
16889,549546,ALARM CLOCK BAKELIKE RED,0
16889,549546,TOY TIDY PINK POLKADOT,0
16889,549546,LUNCH BAG SPACEBOY DESIGN,0
16889,540415,GLASS CHALICE GREEN  SMALL,0
16889,540415,CHARLOTTE BAG DOLLY GIRL DESIGN,0
16889,540415,RECIPE BOX PANTRY YELLOW DESIGN,0
16889,549546,LUNCH BAG RED RETROSPOT,0
16889,540415,GINGHAM ROSE WRAP,0
16889,549546,PARTY BUNTING,0
16889,554978,PACK OF 20 NAPKINS PANTRY DESIGN,0
16889,554978,ASSORTED COLOURS SILK FAN,0
16889,554978,SPOTTY BUNTING,0
16889,554978,LUNCH BAG DOILEY PATTERN,0
16889,549546,LUNCH BAG PINK POLKADOT,0
16889,540415,PHOTO FRAME CORNICE,0
16889,540415,BLACK KITCHEN SCALES,0
16889,540415,SET OF 72 PINK HEART PAPER DOILIES,0
16889,554978,SILVER STARS TABLE DECORATION,0
16889,549546,CHILDS BREAKFAST SET DOLLY GIRL,0
16889,549546,RETROSPOT HEART HOT WATER BOTTLE,0
16889,554978,ALARM CLOCK BAKELIKE PINK,0
16889,554978,SILVER HEARTS TABLE DECORATION,0
16889,549546,RED METAL BEACH SPADE,0
16889,549546,SET/5 RED RETROSPOT LID GLASS BOWLS,0
16889,540415,RED HEART SHAPE LOVE BUCKET,0
16889,549546,ALARM CLOCK BAKELIKE IVORY,0
16889,540415,RED RETROSPOT CHARLOTTE BAG,0
16889,540415,LOVE HEART NAPKIN BOX,0
16889,549546,REX CASH+CARRY JUMBO SHOPPER,0
16889,554978,KITTY PENCIL ERASERS,0
16889,549546,VICTORIAN GLASS HANGING T-LIGHT,0
16889,540415,PACK 3 BOXES BIRD PANNETONE,0
16889,549546,TEA TIME TEAPOT IN GIFT BOX,0
16889,540415,SET OF 72 RETROSPOT PAPER  DOILIES,0
16889,549546,PACK OF 12 COLOURED PENCILS,0
16889,554978,LUNCH BAG DOLLY GIRL DESIGN,0
16889,554978,CHILDRENS CUTLERY SPACEBOY,0
16889,540415,RED RETROSPOT WRAP,0
16889,549546,36 PENCILS TUBE SKULLS,0
16889,554978,PAPER BUNTING RETROSPOT,0
16889,540415,ALARM CLOCK BAKELIKE IVORY,0
16889,540415,FANCY FONTS BIRTHDAY WRAP,0
16889,549546,CUSHION COVER PINK UNION JACK,0
16889,554978,PARTY BUNTING,0
16889,554978,REVOLVER WOODEN RULER,0
16889,549546,LUNCH BAG  BLACK SKULL.,0
16889,554978,CHILDS BREAKFAST SET DOLLY GIRL,0
16889,549546,SET OF 4 PANTRY JELLY MOULDS,0
16889,540415,MEMO BOARD RETROSPOT  DESIGN,0
16889,554978,PINK POLKADOT BOWL,0
16889,540415,SET/5 RED RETROSPOT LID GLASS BOWLS,0
16889,549546,SET 2 PANTRY DESIGN TEA TOWELS,0
16889,549546,PANTRY ROLLING PIN,0
16889,549546,ALARM CLOCK BAKELIKE GREEN,0
16889,540415,SET/20 RED RETROSPOT PAPER NAPKINS,0
16889,540415,RIBBON REEL HEARTS DESIGN,0
16889,549546,ALARM CLOCK BAKELIKE PINK,0
16889,540415,6 RIBBONS RUSTIC CHARM,0
17299,566266,TEA TIME PARTY BUNTING,0
17299,566266,NATURAL SLATE RECTANGLE CHALKBOARD,0
17299,566266,CARD PARTY GAMES,0
17299,579121,VINTAGE CHRISTMAS STOCKING,0
17299,557316,PLASTERS IN TIN SPACEBOY,0
17299,557316,JUMBO BAG DOILEY PATTERNS,0
17299,557316,SPACEBOY CHILDRENS BOWL,0
17299,566266,PARTY INVITES JAZZ HEARTS,0
17299,566266,BLUE PAISLEY SKETCHBOOK,0
17299,566266,CARD BILLBOARD FONT,0
17299,557316,WRAP DAISY CARPET,0
17299,564959,BLUE HARMONICA IN BOX,0
17299,566266,FOLKART STAR CHRISTMAS DECORATIONS,0
17299,566266,ASSORTED COLOUR BIRD ORNAMENT,0
17299,566266,JUMBO BAG 50'S CHRISTMAS,0
17299,566266,LARGE HANGING IVORY & RED WOOD BIRD,0
17299,564959,BAKING SET SPACEBOY DESIGN,0
17299,564959,BAKING SET 9 PIECE RETROSPOT,0
17299,557316,PURPLE PAPER PARASOL,0
17299,566266,12 PENCILS TALL TUBE POSY,0
17299,564959,VINTAGE CHRISTMAS GIFT SACK,0
17299,566266,PLASTERS IN TIN VINTAGE PAISLEY,0
17299,557316,CARD PARTY GAMES,0
17299,566266,CARD GINGHAM ROSE,0
17299,566266,TRAVEL CARD WALLET UNION JACK,0
17299,566266,PARTY BUNTING,0
17299,566266,WRAP BILLBOARD FONTS DESIGN,0
17299,566266,WOODEN HAPPY BIRTHDAY GARLAND,0
17299,566266,PINK HAPPY BIRTHDAY BUNTING,0
17299,579121,RABBIT NIGHT LIGHT,0
17299,557316,BIG DOUGHNUT FRIDGE MAGNETS,0
17299,557316,CARD BIRTHDAY COWBOY,0
17299,557316,ASSORTED COLOURS SILK FAN,0
17299,557316,CHINESE DRAGON PAPER LANTERNS,0
17299,557316,BUTTON BOX,0
17299,557316,BLUE HARMONICA IN BOX,0
17299,564959,VINTAGE CHRISTMAS STOCKING,0
17299,566266,SLATE TILE NATURAL HANGING,0
17299,557316,ROBOT BIRTHDAY CARD,0
17299,566266,BUNDLE OF 3 RETRO NOTE BOOKS,0
17299,557316,12 MESSAGE CARDS WITH ENVELOPES,0
17299,564959,RABBIT NIGHT LIGHT,0
17299,557316,BROCADE RING PURSE,0
17299,566266,BUNDLE OF 3 ALPHABET EXERCISE BOOKS,0
17299,566266,SWALLOWS GREETING CARD,0
17299,557316,BLUE POLKADOT WRAP,0
17299,566266,LAVENDER SCENTED FABRIC HEART,0
17299,579121,PINK POLKADOT WRAP,0
17299,557316,DOUGHNUT LIP GLOSS,0
17299,566266,WRAP PAISLEY PARK,0
17299,557316,CARD DOLLY GIRL,0
17299,566266,PARTY INVITES BALLOON GIRL,0
17299,579121,DOUGHNUT LIP GLOSS,0
17299,564959,RED  HARMONICA IN BOX,0
17299,566266,DRAWER KNOB CRACKLE GLAZE GREEN,0
17415,567623,SET OF 6 TEA TIME BAKING CASES,0
17415,567623,SET OF 36 TEATIME PAPER DOILIES,0
17415,567623,36 DOILIES VINTAGE CHRISTMAS,0
17415,567623,LOVE SEAT ANTIQUE WHITE METAL,0
17415,567623,ZINC BOX SIGN HOME,0
17415,567623,SET OF 12 FAIRY CAKE BAKING CASES,0
17415,567623,SET OF 72 RETROSPOT PAPER  DOILIES,0
17415,567623,CINDERELLA CHANDELIER,0
17415,567623,JAM MAKING SET PRINTED,0
17415,567623,SET OF 2 TRAYS HOME SWEET HOME,0
17415,567623,BREAD BIN DINER STYLE IVORY,0
17415,567623,SET OF 36 PAISLEY FLOWER DOILIES,0
17415,567623,BREAD BIN DINER STYLE RED,0
17415,567623,SET OF 36 DOILIES PANTRY DESIGN,0
17931,548148,JUMBO BAG SCANDINAVIAN BLUE PAISLEY,0
17931,548148,WHITE HONEYCOMB PAPER GARLAND,0
17931,548148,ENAMEL FLOWER JUG CREAM,0
17931,548148,SWEETHEART CERAMIC TRINKET BOX,0
17931,548148,SET OF 36 PAISLEY FLOWER DOILIES,0
17931,561678,RED TEA TOWEL CLASSIC DESIGN,0
17931,561678,RED SPOTTY BISCUIT TIN,0
17931,561678,BIRDCAGE DECORATION TEALIGHT HOLDER,0
17931,548148,PINK  HONEYCOMB PAPER BALL,0
17931,548148,3D HEARTS  HONEYCOMB PAPER GARLAND,0
17931,548148,SET OF 4 CAROUSEL PLACEMATS,0
17931,548148,FRENCH LAVENDER SCENT HEART,0
17931,561678,RED RETROSPOT PICNIC BAG,0
17931,548148,PINK HAPPY BIRTHDAY BUNTING,0
17931,548148,BUTTERFLY CROCHET FOOD COVER,0
17931,548148,PINK PAISLEY ROSE GIFT WRAP,0
17931,548148,STRAWBERRY FAIRY CAKE TEAPOT,0
17931,548148,WOODEN HAPPY BIRTHDAY GARLAND,0
17931,548148,QUEENS GUARD COFFEE MUG,0
17931,548148,SET OF 3 CAKE TINS SKETCHBOOK,0
17931,548148,MINI  ZINC GARDEN DECORATIONS,0
17931,548148,TRADITIONAL WOODEN SKIPPING ROPE,0
17931,548148,3D HEARTS  HONEYCOMB PAPER GARLAND,0
17931,548148,BASKET OF TOADSTOOLS,0
17931,548148,PORCELAIN ROSE SMALL,0
17931,561678,PACK OF 72 RETROSPOT CAKE CASES,0
17931,548148,SET OF 4 GREEN CAROUSEL COASTERS,0
17931,548148,JUMBO SHOPPER VINTAGE RED PAISLEY,0
17931,548148,TRAVEL CARD WALLET SUKI,0
17931,548148,WOODLAND  HEIGHT CHART STICKERS,0
17931,561678,RED KITCHEN SCALES,0
17931,561678,BLUE FLY SWAT,0
17931,548148,LONDON BUS COFFEE MUG,0
17931,561678,CLASSIC CAFE SUGAR DISPENSER,0
17931,561678,OVERNIGHT BAG VINTAGE ROSE PAISLEY,0
17931,561678,RED RETROSPOT SHOPPER BAG,0
17931,548148,EDWARDIAN PARASOL PINK,0
17931,548148,GLASS JAR MARMALADE,0
17931,548148,ENAMEL WATERING CAN CREAM,0
17931,548148,PHOTO FRAME 3 CLASSIC HANGING,0
17931,548148,PACK OF 12 LONDON TISSUES,0
17931,548148,200 RED + WHITE BENDY STRAWS,0
17931,548148,JIGSAW TOADSTOOLS 3 PIECE,0
17931,561678,PACK OF 60 MUSHROOM CAKE CASES,0
17931,548148,LARGE RED RETROSPOT WINDMILL,0
17931,548148,LARGE WHITE HONEYCOMB PAPER BELL,0
17931,548148,SWEETHEART CAKESTAND 3 TIER,0
17931,548148,SET 2 TEA TOWELS I LOVE LONDON,0
17931,548148,REGENCY CAKESTAND 3 TIER,0
17931,548148,SMALL RED RETROSPOT WINDMILL,0
17931,548148,WHITE BELL HONEYCOMB PAPER,0
17931,548148,GLASS JAR ENGLISH CONFECTIONERY,0
17931,561678,"SET 3 RETROSPOT TEA,COFFEE,SUGAR",0
17931,548148,PAPER BUNTING VINTAGE PAISLEY,0
17931,548148,GLASS JAR DIGESTIVE BISCUITS,0
17931,561678,WASH BAG VINTAGE ROSE PAISLEY,0
17931,561678,RED RETROSPOT OVEN GLOVE,0
17931,548148,BOX OF 24 COCKTAIL PARASOLS,0
17931,548148,TEA TIME PARTY BUNTING,0
17931,548148,SET/6 POSIES PAPER CUPS,0
17931,548148,CLASSIC METAL BIRDCAGE PLANT HOLDER,0
17931,561678,PACK OF 60 PINK PAISLEY CAKE CASES,0
17931,548148,JUMBO BAG PINK VINTAGE PAISLEY,0
17931,548148,BIRDCAGE DECORATION TEALIGHT HOLDER,0
17931,548148,SWEETHEART WIRE FRUIT BOWL,0
